basis_key,work_type_code,work_type_name_ru,family_code,label_ru,hint_ru,uom_code,required,sort_order,status
area_ceiling_m2,com_fitout,Коммерческая отделка,finish,"Площадь потолка, м²","Площадь потолка (по полу), м². Можно вводить формулой: 3*4 + 2*5.",м²,true,1,OK
area_m2,com_fitout,Коммерческая отделка,finish,"Площадь металлоконструкций, м²",Площадь поверхности металлоконструкций (для окраски/грунта/обшивки — как заложено в нормах).,м²,true,2,DUPLICATE_PATTERN|LABEL_MISMATCH|NEEDS_REVIEW
area_m2,finish_paint,Отделка / Покраска,finish,"Площадь металлоконструкций, м²",Площадь поверхности металлоконструкций (для окраски/грунта/обшивки — как заложено в нормах).,м²,true,1,DUPLICATE_PATTERN|LABEL_MISMATCH|NEEDS_REVIEW
area_m2,ind_concrete,Бетонные работы,concrete,"Площадь бетонирования, м²","Площадь поверхности, где выполняются бетонные работы (плита/пол/участок). Можно вводить числом или формулой.",м²,true,1,DUPLICATE_PATTERN|LABEL_MISMATCH|NEEDS_REVIEW
area_m2,ind_floor_epoxy,Наливные/эпоксидные полы,floor,"Площадь металлоконструкций, м²",Площадь поверхности металлоконструкций (для окраски/грунта/обшивки — как заложено в нормах).,м²,true,1,DUPLICATE_PATTERN|LABEL_MISMATCH|NEEDS_REVIEW
area_m2,ind_steel,Металлоконструкции,metal,"Площадь металлоконструкций, м²",Площадь поверхности металлоконструкций (для окраски/грунта/обшивки — как заложено в нормах).,м²,true,1,DUPLICATE_PATTERN|LABEL_MISMATCH|NEEDS_REVIEW
area_m2,res_finish_paint,Покраска/отделка,finish,"Площадь металлоконструкций, м²",Площадь поверхности металлоконструкций (для окраски/грунта/обшивки — как заложено в нормах).,м²,true,1,DUPLICATE_PATTERN|LABEL_MISMATCH|NEEDS_REVIEW
area_m2,WT-BATH,Санузел / Ванная (комплект),plumb,"Площадь металлоконструкций, м²",Площадь поверхности металлоконструкций (для окраски/грунта/обшивки — как заложено в нормах).,м²,true,1,DUPLICATE_PATTERN|LABEL_MISMATCH|NEEDS_REVIEW
area_m2,WT-BLOCK,Кладка блоков,masonry,"Площадь металлоконструкций, м²",Площадь поверхности металлоконструкций (для окраски/грунта/обшивки — как заложено в нормах).,м²,true,1,DUPLICATE_PATTERN|LABEL_MISMATCH|NEEDS_REVIEW
area_m2,WT-CEIL-ARMSTRONG-600,Потолок Армстронг 600×600,ceil,"Площадь металлоконструкций, м²",Площадь поверхности металлоконструкций (для окраски/грунта/обшивки — как заложено в нормах).,м²,true,1,DUPLICATE_PATTERN|LABEL_MISMATCH|NEEDS_REVIEW
area_m2,WT-CEIL-CLIPIN,Потолок Clip-in (скрытая подвеска),ceil,"Площадь металлоконструкций, м²",Площадь поверхности металлоконструкций (для окраски/грунта/обшивки — как заложено в нормах).,м²,true,1,DUPLICATE_PATTERN|LABEL_MISMATCH|NEEDS_REVIEW
area_m2,WT-CEIL-CLIPIN-300x1200,Потолок Clip-in 300×1200,ceil,"Площадь металлоконструкций, м²",Площадь поверхности металлоконструкций (для окраски/грунта/обшивки — как заложено в нормах).,м²,true,1,DUPLICATE_PATTERN|LABEL_MISMATCH|NEEDS_REVIEW
area_m2,WT-CEIL-CLIPIN-600,Потолок Clip-in 600×600,ceil,"Площадь металлоконструкций, м²",Площадь поверхности металлоконструкций (для окраски/грунта/обшивки — как заложено в нормах).,м²,true,1,DUPLICATE_PATTERN|LABEL_MISMATCH|NEEDS_REVIEW
area_m2,WT-CEIL-GKL-1L,Потолок ГКЛ одноуровневый,ceil,"Площадь металлоконструкций, м²",Площадь поверхности металлоконструкций (для окраски/грунта/обшивки — как заложено в нормах).,м²,true,1,DUPLICATE_PATTERN|LABEL_MISMATCH|NEEDS_REVIEW
area_m2,WT-CEIL-GKL-2L,Потолок ГКЛ двухуровневый,ceil,"Площадь металлоконструкций, м²",Площадь поверхности металлоконструкций (для окраски/грунта/обшивки — как заложено в нормах).,м²,true,1,DUPLICATE_PATTERN|LABEL_MISMATCH|NEEDS_REVIEW
area_m2,WT-CEIL-GKL-BOX,Потолок ГКЛ короб/ниша,ceil,"Площадь металлоконструкций, м²",Площадь поверхности металлоконструкций (для окраски/грунта/обшивки — как заложено в нормах).,м²,true,1,DUPLICATE_PATTERN|LABEL_MISMATCH|NEEDS_REVIEW
area_m2,WT-CEIL-GRID,Потолок кассетный (армстронг),ceil,"Площадь металлоконструкций, м²",Площадь поверхности металлоконструкций (для окраски/грунта/обшивки — как заложено в нормах).,м²,true,1,DUPLICATE_PATTERN|LABEL_MISMATCH|NEEDS_REVIEW
area_m2,WT-CEIL-GRILIATO-050,Потолок грильято (ячейка 50×50),ceil,"Площадь металлоконструкций, м²",Площадь поверхности металлоконструкций (для окраски/грунта/обшивки — как заложено в нормах).,м²,true,1,DUPLICATE_PATTERN|LABEL_MISMATCH|NEEDS_REVIEW
area_m2,WT-CEIL-GRILIATO-075,Потолок грильято (ячейка 75×75),ceil,"Площадь металлоконструкций, м²",Площадь поверхности металлоконструкций (для окраски/грунта/обшивки — как заложено в нормах).,м²,true,1,DUPLICATE_PATTERN|LABEL_MISMATCH|NEEDS_REVIEW
area_m2,WT-CEIL-GRILIATO-100,Потолок грильято (ячейка 100×100),ceil,"Площадь металлоконструкций, м²",Площадь поверхности металлоконструкций (для окраски/грунта/обшивки — как заложено в нормах).,м²,true,1,DUPLICATE_PATTERN|LABEL_MISMATCH|NEEDS_REVIEW
area_m2,WT-CEIL-GRILIATO-PYR-050,Потолок грильято пирамидальный (яч. 50×50),ceil,"Площадь металлоконструкций, м²",Площадь поверхности металлоконструкций (для окраски/грунта/обшивки — как заложено в нормах).,м²,true,1,DUPLICATE_PATTERN|LABEL_MISMATCH|NEEDS_REVIEW
area_m2,WT-CEIL-GRILIATO-PYR-075,Потолок грильято пирамидальный (яч. 75×75),ceil,"Площадь металлоконструкций, м²",Площадь поверхности металлоконструкций (для окраски/грунта/обшивки — как заложено в нормах).,м²,true,1,DUPLICATE_PATTERN|LABEL_MISMATCH|NEEDS_REVIEW
area_m2,WT-CEIL-GRILIATO-PYR-100,Потолок грильято пирамидальный (яч. 100×100),ceil,"Площадь металлоконструкций, м²",Площадь поверхности металлоконструкций (для окраски/грунта/обшивки — как заложено в нормах).,м²,true,1,DUPLICATE_PATTERN|LABEL_MISMATCH|NEEDS_REVIEW
area_m2,WT-CEIL-RACK,Потолок реечный,ceil,"Площадь металлоконструкций, м²",Площадь поверхности металлоконструкций (для окраски/грунта/обшивки — как заложено в нормах).,м²,true,1,DUPLICATE_PATTERN|LABEL_MISMATCH|NEEDS_REVIEW
area_m2,WT-CEIL-RACK-LENS,Потолок реечный линзованный,ceil,"Площадь металлоконструкций, м²",Площадь поверхности металлоконструкций (для окраски/грунта/обшивки — как заложено в нормах).,м²,true,1,DUPLICATE_PATTERN|LABEL_MISMATCH|NEEDS_REVIEW
area_m2,WT-CEIL-STRETCH,Потолок натяжной,ceil,"Площадь металлоконструкций, м²",Площадь поверхности металлоконструкций (для окраски/грунта/обшивки — как заложено в нормах).,м²,true,1,DUPLICATE_PATTERN|LABEL_MISMATCH|NEEDS_REVIEW
area_m2,WT-CONC,Бетонные работы,concrete,"Площадь бетонирования, м²","Площадь поверхности, где выполняются бетонные работы (плита/пол/участок). Можно вводить числом или формулой.",м²,true,1,DUPLICATE_PATTERN|LABEL_MISMATCH|NEEDS_REVIEW
area_m2,WT-CONC-FLOOR,Бетонирование пола,concrete,"Площадь пола, м²",Площадь пола (м²). Можно формулой: 3*4 + 5*6.,м²,true,1,DUPLICATE_PATTERN|LABEL_MISMATCH|NEEDS_REVIEW
area_m2,WT-CONCRETE-BEAM,Монолитная балка,concrete,"Площадь бетонирования, м²","Площадь поверхности, где выполняются бетонные работы (плита/пол/участок). Можно вводить числом или формулой.",м²,true,1,DUPLICATE_PATTERN|LABEL_MISMATCH|NEEDS_REVIEW
area_m2,WT-CONCRETE-FLOOR,Бетонирование пола,floor,"Площадь металлоконструкций, м²",Площадь поверхности металлоконструкций (для окраски/грунта/обшивки — как заложено в нормах).,м²,true,1,DUPLICATE_PATTERN|LABEL_MISMATCH|NEEDS_REVIEW
area_m2,WT-CONCRETE-MONO,Бетонирование / монолит,concrete,"Площадь бетонирования, м²","Площадь поверхности, где выполняются бетонные работы (плита/пол/участок). Можно вводить числом или формулой.",м²,true,1,DUPLICATE_PATTERN|LABEL_MISMATCH|NEEDS_REVIEW
area_m2,WT-CONCRETE-SLAB,Монолитная плита,concrete,"Площадь бетонирования, м²","Площадь поверхности, где выполняются бетонные работы (плита/пол/участок). Можно вводить числом или формулой.",м²,true,1,DUPLICATE_PATTERN|LABEL_MISMATCH|NEEDS_REVIEW
area_m2,WT-CONCRETE-SLAB-PRO,"Фундамент плита (бетон, PRO)",concrete,"Площадь бетонирования, м²","Площадь поверхности, где выполняются бетонные работы (плита/пол/участок). Можно вводить числом или формулой.",м²,true,1,DUPLICATE_PATTERN|LABEL_MISMATCH|NEEDS_REVIEW
area_m2,WT-DEM-CEIL,Демонтаж потолка,demo,"Площадь демонтажа потолка, м²",Площадь потолка под демонтаж (м²). Формула допустима.,м²,true,1,DUPLICATE_PATTERN|LABEL_MISMATCH|NEEDS_REVIEW
area_m2,WT-DEM-FLOOR,Демонтаж напольных покрытий,demo,"Площадь демонтажа пола, м²",Площадь пола под демонтаж (м²). Формула допустима.,м²,true,1,DUPLICATE_PATTERN|LABEL_MISMATCH|NEEDS_REVIEW
area_m2,WT-DEM-GKL,Демонтаж ГКЛ,demo,"Площадь демонтажа ГКЛ, м²",Площадь обшивки/перегородок ГКЛ под демонтаж (м²).,м²,true,1,DUPLICATE_PATTERN|LABEL_MISMATCH|NEEDS_REVIEW
area_m2,WT-DEM-INSUL,Демонтаж утеплителя,demo,"Площадь демонтажа утеплителя, м²",Площадь утепления под демонтаж (м²).,м²,true,1,DUPLICATE_PATTERN|LABEL_MISMATCH|NEEDS_REVIEW
area_m2,WT-DEM-PLASTER,Демонтаж штукатурки,demo,"Площадь демонтажа штукатурки, м²",Площадь штукатурки под демонтаж (м²).,м²,true,1,DUPLICATE_PATTERN|LABEL_MISMATCH|NEEDS_REVIEW
area_m2,WT-DEM-ROOF,Демонтаж кровли,demo,"Площадь демонтажа кровли, м²",Площадь покрытия кровли под демонтаж (м²). Можно по скатам формулой.,м²,true,1,DUPLICATE_PATTERN|LABEL_MISMATCH|NEEDS_REVIEW
area_m2,WT-DEM-SCREED,Демонтаж стяжки,demo,"Площадь демонтажа стяжки, м²",Площадь стяжки под демонтаж (м²).,м²,true,1,DUPLICATE_PATTERN|LABEL_MISMATCH|NEEDS_REVIEW
area_m2,WT-DEM-TILE-FLOOR,Демонтаж плитки (пол),demo,"Площадь демонтажа плитки (пол), м²",Площадь плитки на полу под демонтаж (м²).,м²,true,1,DUPLICATE_PATTERN|LABEL_MISMATCH|NEEDS_REVIEW
area_m2,WT-DEM-TILE-WALL,Демонтаж плитки (стены),demo,"Площадь демонтажа плитки (стены), м²",Площадь плитки на стенах под демонтаж (м²).,м²,true,1,DUPLICATE_PATTERN|LABEL_MISMATCH|NEEDS_REVIEW
area_m2,WT-DEM-WALL,Демонтаж обоев/стен,demo,"Площадь демонтажа стен, м²","Площадь стен, которые демонтируем (м²). Формула допустима.",м²,true,1,DUPLICATE_PATTERN|LABEL_MISMATCH|NEEDS_REVIEW
area_m2,WT-DEMO,Демонтаж (общий),demo,"Площадь демонтажа, м²",Площадь демонтажа в м². Можно вводить числом или формулой.,м²,true,1,DUPLICATE_PATTERN|LABEL_MISMATCH|NEEDS_REVIEW
area_m2,WT-EXT-ASPHALT,Асфальтирование площадки/проезда,ext,"Площадь металлоконструкций, м²",Площадь поверхности металлоконструкций (для окраски/грунта/обшивки — как заложено в нормах).,м²,true,1,DUPLICATE_PATTERN|LABEL_MISMATCH|NEEDS_REVIEW
area_m2,WT-EXT-ASPHALT-PRO,"Асфальтирование дороги (двухслойное, PRO)",ext,"Площадь металлоконструкций, м²",Площадь поверхности металлоконструкций (для окраски/грунта/обшивки — как заложено в нормах).,м²,true,1,DUPLICATE_PATTERN|LABEL_MISMATCH|NEEDS_REVIEW
area_m2,WT-EXT-OTMOSTKA,Отмостка вокруг здания (бетон),ext,"Площадь металлоконструкций, м²",Площадь поверхности металлоконструкций (для окраски/грунта/обшивки — как заложено в нормах).,м²,true,1,DUPLICATE_PATTERN|LABEL_MISMATCH|NEEDS_REVIEW
area_m2,WT-EXT-PAVING,Тротуарная плитка (наружная),ext,"Площадь металлоконструкций, м²",Площадь поверхности металлоконструкций (для окраски/грунта/обшивки — как заложено в нормах).,м²,true,1,DUPLICATE_PATTERN|LABEL_MISMATCH|NEEDS_REVIEW
area_m2,WT-FACADE-ACP,Фасад навесной: алюкобонд/ACP,facade,"Площадь фасада, м²",Площадь облицовки/утепления фасада в м². Можно вводить формулой: 12*3 + 8*3.,м²,true,1,DUPLICATE_PATTERN|LABEL_MISMATCH|NEEDS_REVIEW
area_m2,WT-FACADE-CASSETTE-INSTALL,Фасад: металлокассеты (вент),facade,"Площадь фасада, м²",Площадь облицовки/утепления фасада в м². Можно вводить формулой: 12*3 + 8*3.,м²,true,1,DUPLICATE_PATTERN|LABEL_MISMATCH|NEEDS_REVIEW
area_m2,WT-FACADE-CLINKER-VF,Фасад навесной: клинкерная плитка,facade,"Площадь фасада, м²",Площадь облицовки/утепления фасада в м². Можно вводить формулой: 12*3 + 8*3.,м²,true,1,DUPLICATE_PATTERN|LABEL_MISMATCH|NEEDS_REVIEW
area_m2,WT-FACADE-FC-H,Фасад FC на заклёпке (общ.),facade,"Площадь фасада, м²",Площадь облицовки/утепления фасада в м². Можно вводить формулой: 12*3 + 8*3.,м²,true,1,DUPLICATE_PATTERN|LABEL_MISMATCH|NEEDS_REVIEW
area_m2,WT-FACADE-FC-H-10,Фиброцементный фасад (H-профиль) 10 мм,facade,"Площадь фасада, м²",Площадь облицовки/утепления фасада в м². Можно вводить формулой: 12*3 + 8*3.,м²,true,1,DUPLICATE_PATTERN|LABEL_MISMATCH|NEEDS_REVIEW
area_m2,WT-FACADE-FC-H-12,Фиброцементный фасад (H-профиль) 12 мм,facade,"Площадь фасада, м²",Площадь облицовки/утепления фасада в м². Можно вводить формулой: 12*3 + 8*3.,м²,true,1,DUPLICATE_PATTERN|LABEL_MISMATCH|NEEDS_REVIEW
area_m2,WT-FACADE-FC-H-8,Фиброцементный фасад (H-профиль) 8 мм,facade,"Площадь фасада, м²",Площадь облицовки/утепления фасада в м². Можно вводить формулой: 12*3 + 8*3.,м²,true,1,DUPLICATE_PATTERN|LABEL_MISMATCH|NEEDS_REVIEW
area_m2,WT-FACADE-FC-RIVET,Фасад FC на заклёпке (серия),facade,"Площадь фасада, м²",Площадь облицовки/утепления фасада в м². Можно вводить формулой: 12*3 + 8*3.,м²,true,1,DUPLICATE_PATTERN|LABEL_MISMATCH|NEEDS_REVIEW
area_m2,WT-FACADE-FC-RIVET-10,"Фасад FC на заклёпке ⌀4,8×10",facade,"Площадь фасада, м²",Площадь облицовки/утепления фасада в м². Можно вводить формулой: 12*3 + 8*3.,м²,true,1,DUPLICATE_PATTERN|LABEL_MISMATCH|NEEDS_REVIEW
area_m2,WT-FACADE-FC-RIVET-12,"Фасад FC на заклёпке ⌀4,8×12",facade,"Площадь фасада, м²",Площадь облицовки/утепления фасада в м². Можно вводить формулой: 12*3 + 8*3.,м²,true,1,DUPLICATE_PATTERN|LABEL_MISMATCH|NEEDS_REVIEW
area_m2,WT-FACADE-FC-RIVET-8,"Фасад FC на заклёпке ⌀4,8×8",facade,"Площадь фасада, м²",Площадь облицовки/утепления фасада в м². Можно вводить формулой: 12*3 + 8*3.,м²,true,1,DUPLICATE_PATTERN|LABEL_MISMATCH|NEEDS_REVIEW
area_m2,WT-FACADE-FCB,Фасад навесной: фиброцементные плиты,facade,"Площадь фасада, м²",Площадь облицовки/утепления фасада в м². Можно вводить формулой: 12*3 + 8*3.,м²,true,1,DUPLICATE_PATTERN|LABEL_MISMATCH|NEEDS_REVIEW
area_m2,WT-FACADE-HPL,Фасад навесной: HPL панели,facade,"Площадь фасада, м²",Площадь облицовки/утепления фасада в м². Можно вводить формулой: 12*3 + 8*3.,м²,true,1,DUPLICATE_PATTERN|LABEL_MISMATCH|NEEDS_REVIEW
area_m2,WT-FACADE-HPL-INSTALL,Фасад: монтаж HPL-панелей,facade,"Площадь фасада, м²",Площадь облицовки/утепления фасада в м². Можно вводить формулой: 12*3 + 8*3.,м²,true,1,DUPLICATE_PATTERN|LABEL_MISMATCH|NEEDS_REVIEW
area_m2,WT-FACADE-HPL-LSTK,Фасад HPL (LSTK-набор),facade,"Площадь фасада, м²",Площадь облицовки/утепления фасада в м². Можно вводить формулой: 12*3 + 8*3.,м²,true,1,DUPLICATE_PATTERN|LABEL_MISMATCH|NEEDS_REVIEW
area_m2,WT-FACADE-PORC,Фасад навесной: керамогранит,facade,"Площадь фасада, м²",Площадь облицовки/утепления фасада в м². Можно вводить формулой: 12*3 + 8*3.,м²,true,1,DUPLICATE_PATTERN|LABEL_MISMATCH|NEEDS_REVIEW
area_m2,WT-FACADE-PORCELAIN-VENT,Фасад: керамогранит (вент),facade,"Площадь фасада, м²",Площадь облицовки/утепления фасада в м². Можно вводить формулой: 12*3 + 8*3.,м²,true,1,DUPLICATE_PATTERN|LABEL_MISMATCH|NEEDS_REVIEW
area_m2,WT-FACADE-STONE,Фасад навесной: камень,facade,"Площадь фасада, м²",Площадь облицовки/утепления фасада в м². Можно вводить формулой: 12*3 + 8*3.,м²,true,1,DUPLICATE_PATTERN|LABEL_MISMATCH|NEEDS_REVIEW
area_m2,WT-FACADE-WET,Фасад “мокрый” (СФТК),facade,"Площадь фасада, м²",Площадь облицовки/утепления фасада в м². Можно вводить формулой: 12*3 + 8*3.,м²,true,1,DUPLICATE_PATTERN|LABEL_MISMATCH|NEEDS_REVIEW
area_m2,WT-FACADE-WET-SYSTEM,Фасад: «мокрый» (ETICS),facade,"Площадь фасада, м²",Площадь облицовки/утепления фасада в м². Можно вводить формулой: 12*3 + 8*3.,м²,true,1,DUPLICATE_PATTERN|LABEL_MISMATCH|NEEDS_REVIEW
area_m2,WT-FLOOR-LAMINATE,Ламинат/плинтус,floor,"Площадь металлоконструкций, м²",Площадь поверхности металлоконструкций (для окраски/грунта/обшивки — как заложено в нормах).,м²,true,1,DUPLICATE_PATTERN|LABEL_MISMATCH|NEEDS_REVIEW
area_m2,WT-FLR-HEAT-ELEC,Тёплый пол электрический (кабель/маты),floor,"Площадь металлоконструкций, м²",Площадь поверхности металлоконструкций (для окраски/грунта/обшивки — как заложено в нормах).,м²,true,1,DUPLICATE_PATTERN|LABEL_MISMATCH|NEEDS_REVIEW
area_m2,WT-FLR-HEAT-WATER,Тёплый пол водяной,floor,"Площадь металлоконструкций, м²",Площадь поверхности металлоконструкций (для окраски/грунта/обшивки — как заложено в нормах).,м²,true,1,DUPLICATE_PATTERN|LABEL_MISMATCH|NEEDS_REVIEW
area_m2,WT-FLR-TOPPING,Пол: топпинг/устройство,floor,"Площадь металлоконструкций, м²",Площадь поверхности металлоконструкций (для окраски/грунта/обшивки — как заложено в нормах).,м²,true,1,DUPLICATE_PATTERN|LABEL_MISMATCH|NEEDS_REVIEW
area_m2,WT-GKL,Монтаж ГКЛ/каркаса,gkl,"Площадь металлоконструкций, м²",Площадь поверхности металлоконструкций (для окраски/грунта/обшивки — как заложено в нормах).,м²,true,1,DUPLICATE_PATTERN|LABEL_MISMATCH|NEEDS_REVIEW
area_m2,WT-GKL-CEIL-PRO,ГКЛ потолок (PRO),gkl,"Площадь металлоконструкций, м²",Площадь поверхности металлоконструкций (для окраски/грунта/обшивки — как заложено в нормах).,м²,true,1,DUPLICATE_PATTERN|LABEL_MISMATCH|NEEDS_REVIEW
area_m2,WT-GKL-WALL,ГКЛ стены/перегородки,gkl,"Площадь металлоконструкций, м²",Площадь поверхности металлоконструкций (для окраски/грунта/обшивки — как заложено в нормах).,м²,true,1,DUPLICATE_PATTERN|LABEL_MISMATCH|NEEDS_REVIEW
area_m2,WT-GKL-WALL-PRO,ГКЛ стены/перегородки (PRO),gkl,"Площадь металлоконструкций, м²",Площадь поверхности металлоконструкций (для окраски/грунта/обшивки — как заложено в нормах).,м²,true,1,DUPLICATE_PATTERN|LABEL_MISMATCH|NEEDS_REVIEW
area_m2,WT-HVAC,Вентиляция/кондиционирование,hvac,"Площадь металлоконструкций, м²",Площадь поверхности металлоконструкций (для окраски/грунта/обшивки — как заложено в нормах).,м²,true,1,DUPLICATE_PATTERN|LABEL_MISMATCH|NEEDS_REVIEW
area_m2,WT-HYDRO,Гидроизоляция,hydro,"Площадь металлоконструкций, м²",Площадь поверхности металлоконструкций (для окраски/грунта/обшивки — как заложено в нормах).,м²,true,1,DUPLICATE_PATTERN|LABEL_MISMATCH|NEEDS_REVIEW
area_m2,WT-HYDRO-FOUND-PRO,Гидроизоляция фундамента (PRO),concrete,"Площадь бетонирования, м²","Площадь поверхности, где выполняются бетонные работы (плита/пол/участок). Можно вводить числом или формулой.",м²,true,1,DUPLICATE_PATTERN|LABEL_MISMATCH|NEEDS_REVIEW
area_m2,WT-INSUL-CEIL-INT,Утепление / звукоизоляция потолков,insul,"Площадь металлоконструкций, м²",Площадь поверхности металлоконструкций (для окраски/грунта/обшивки — как заложено в нормах).,м²,true,1,DUPLICATE_PATTERN|LABEL_MISMATCH|NEEDS_REVIEW
area_m2,WT-INSUL-CEIL-PRO,Утепление / звукоизоляция потолков (PRO),insul,"Площадь металлоконструкций, м²",Площадь поверхности металлоконструкций (для окраски/грунта/обшивки — как заложено в нормах).,м²,true,1,DUPLICATE_PATTERN|LABEL_MISMATCH|NEEDS_REVIEW
area_m2,WT-INSUL-WALL-PRO,Утепление / звукоизоляция стен (PRO),insul,"Площадь металлоконструкций, м²",Площадь поверхности металлоконструкций (для окраски/грунта/обшивки — как заложено в нормах).,м²,true,1,DUPLICATE_PATTERN|LABEL_MISMATCH|NEEDS_REVIEW
area_m2,WT-LEVEL,Наливной пол,floor,"Площадь металлоконструкций, м²",Площадь поверхности металлоконструкций (для окраски/грунта/обшивки — как заложено в нормах).,м²,true,1,DUPLICATE_PATTERN|LABEL_MISMATCH|NEEDS_REVIEW
area_m2,WT-MASONRY-BLOCK,Кладка блоков (газоблок),masonry,"Площадь металлоконструкций, м²",Площадь поверхности металлоконструкций (для окраски/грунта/обшивки — как заложено в нормах).,м²,true,1,DUPLICATE_PATTERN|LABEL_MISMATCH|NEEDS_REVIEW
area_m2,WT-MASONRY-BRICK,Кладка кирпича,masonry,"Площадь металлоконструкций, м²",Площадь поверхности металлоконструкций (для окраски/грунта/обшивки — как заложено в нормах).,м²,true,1,DUPLICATE_PATTERN|LABEL_MISMATCH|NEEDS_REVIEW
area_m2,WT-MASONRY-BRICK-CLINKER,Кладка облицовочная: кирпич клинкер,masonry,"Площадь металлоконструкций, м²",Площадь поверхности металлоконструкций (для окраски/грунта/обшивки — как заложено в нормах).,м²,true,1,DUPLICATE_PATTERN|LABEL_MISMATCH|NEEDS_REVIEW
area_m2,WT-PAINT,Покраска стен/потолков,finish,"Площадь металлоконструкций, м²",Площадь поверхности металлоконструкций (для окраски/грунта/обшивки — как заложено в нормах).,м²,true,1,DUPLICATE_PATTERN|LABEL_MISMATCH|NEEDS_REVIEW
area_m2,WT-PAINT-INT,Покраска (интерьер),finish,"Площадь металлоконструкций, м²",Площадь поверхности металлоконструкций (для окраски/грунта/обшивки — как заложено в нормах).,м²,true,1,DUPLICATE_PATTERN|LABEL_MISMATCH|NEEDS_REVIEW
area_m2,WT-PLASTER,Штукатурка стен,finish,"Площадь металлоконструкций, м²",Площадь поверхности металлоконструкций (для окраски/грунта/обшивки — как заложено в нормах).,м²,true,1,DUPLICATE_PATTERN|LABEL_MISMATCH|NEEDS_REVIEW
area_m2,WT-PLASTER-FACADE,Фасад: утепление и декоративная штукатурка,roof,"Площадь металлоконструкций, м²",Площадь поверхности металлоконструкций (для окраски/грунта/обшивки — как заложено в нормах).,м²,true,1,DUPLICATE_PATTERN|LABEL_MISMATCH|NEEDS_REVIEW
area_m2,WT-PLASTER-INT,Штукатурка внутренних стен,finish,"Площадь металлоконструкций, м²",Площадь поверхности металлоконструкций (для окраски/грунта/обшивки — как заложено в нормах).,м²,true,1,DUPLICATE_PATTERN|LABEL_MISMATCH|NEEDS_REVIEW
area_m2,WT-PLASTER-WALL-PRO,Штукатурка стен по маякам (PRO),finish,"Площадь металлоконструкций, м²",Площадь поверхности металлоконструкций (для окраски/грунта/обшивки — как заложено в нормах).,м²,true,1,DUPLICATE_PATTERN|LABEL_MISMATCH|NEEDS_REVIEW
area_m2,WT-PLMB,Сантехника/трубопроводы,plumb,"Площадь металлоконструкций, м²",Площадь поверхности металлоконструкций (для окраски/грунта/обшивки — как заложено в нормах).,м²,true,1,DUPLICATE_PATTERN|LABEL_MISMATCH|NEEDS_REVIEW
area_m2,WT-PUTTY,Шпаклёвка (финиш),finish,"Площадь металлоконструкций, м²",Площадь поверхности металлоконструкций (для окраски/грунта/обшивки — как заложено в нормах).,м²,true,1,DUPLICATE_PATTERN|LABEL_MISMATCH|NEEDS_REVIEW
area_m2,WT-RF-CARPET,Фальшпол с ковровым покрытием,floor,"Площадь металлоконструкций, м²",Площадь поверхности металлоконструкций (для окраски/грунта/обшивки — как заложено в нормах).,м²,true,1,DUPLICATE_PATTERN|LABEL_MISMATCH|NEEDS_REVIEW
area_m2,WT-RF-HPL,Фальшпол с HPL антистатиком (панели ESD),floor,"Площадь металлоконструкций, м²",Площадь поверхности металлоконструкций (для окраски/грунта/обшивки — как заложено в нормах).,м²,true,1,DUPLICATE_PATTERN|LABEL_MISMATCH|NEEDS_REVIEW
area_m2,WT-RF-PORCELAIN,Фальшпол под керамогранит (усиленный),floor,"Площадь металлоконструкций, м²",Площадь поверхности металлоконструкций (для окраски/грунта/обшивки — как заложено в нормах).,м²,true,1,DUPLICATE_PATTERN|LABEL_MISMATCH|NEEDS_REVIEW
area_m2,WT-RF-PVC,Фальшпол с ПВХ-ESD покрытием,floor,"Площадь металлоконструкций, м²",Площадь поверхности металлоконструкций (для окраски/грунта/обшивки — как заложено в нормах).,м²,true,1,DUPLICATE_PATTERN|LABEL_MISMATCH|NEEDS_REVIEW
area_m2,WT-ROOF-FRAME,Стропильная система / обрешётка (общ.),roof,"Площадь металлоконструкций, м²",Площадь поверхности металлоконструкций (для окраски/грунта/обшивки — как заложено в нормах).,м²,true,1,DUPLICATE_PATTERN|LABEL_MISMATCH|NEEDS_REVIEW
area_m2,WT-ROOF-FRAME-MTL,Обрешётка/каркас под металл,roof,"Площадь металлоконструкций, м²",Площадь поверхности металлоконструкций (для окраски/грунта/обшивки — как заложено в нормах).,м²,true,1,DUPLICATE_PATTERN|LABEL_MISMATCH|NEEDS_REVIEW
area_m2,WT-ROOF-FRAME-SHINGLE,Обрешётка/каркас под ГЧ,roof,"Площадь металлоконструкций, м²",Площадь поверхности металлоконструкций (для окраски/грунта/обшивки — как заложено в нормах).,м²,true,1,DUPLICATE_PATTERN|LABEL_MISMATCH|NEEDS_REVIEW
area_m2,WT-ROOF-FRAME-SLATE,Обрешётка/каркас под шифер,roof,"Площадь металлоконструкций, м²",Площадь поверхности металлоконструкций (для окраски/грунта/обшивки — как заложено в нормах).,м²,true,1,DUPLICATE_PATTERN|LABEL_MISMATCH|NEEDS_REVIEW
area_m2,WT-ROOF-METAL,Кровля: металл (общ.),roof,"Площадь металлоконструкций, м²",Площадь поверхности металлоконструкций (для окраски/грунта/обшивки — как заложено в нормах).,м²,true,1,DUPLICATE_PATTERN|LABEL_MISMATCH|NEEDS_REVIEW
area_m2,WT-ROOF-MTL,Кровля: металлочерепица,roof,"Площадь металлоконструкций, м²",Площадь поверхности металлоконструкций (для окраски/грунта/обшивки — как заложено в нормах).,м²,true,1,DUPLICATE_PATTERN|LABEL_MISMATCH|NEEDS_REVIEW
area_m2,WT-ROOF-ROLLED,Кровля: рулонные материалы,roof,"Площадь металлоконструкций, м²",Площадь поверхности металлоконструкций (для окраски/грунта/обшивки — как заложено в нормах).,м²,true,1,DUPLICATE_PATTERN|LABEL_MISMATCH|NEEDS_REVIEW
area_m2,WT-ROOF-SANDWICH,Кровля: сэндвич-панели,roof,"Площадь металлоконструкций, м²",Площадь поверхности металлоконструкций (для окраски/грунта/обшивки — как заложено в нормах).,м²,true,1,DUPLICATE_PATTERN|LABEL_MISMATCH|NEEDS_REVIEW
area_m2,WT-ROOF-SHINGLE,Кровля: гибкая черепица,roof,"Площадь металлоконструкций, м²",Площадь поверхности металлоконструкций (для окраски/грунта/обшивки — как заложено в нормах).,м²,true,1,DUPLICATE_PATTERN|LABEL_MISMATCH|NEEDS_REVIEW
area_m2,WT-ROOF-SLATE,Кровля: шифер,roof,"Площадь металлоконструкций, м²",Площадь поверхности металлоконструкций (для окраски/грунта/обшивки — как заложено в нормах).,м²,true,1,DUPLICATE_PATTERN|LABEL_MISMATCH|NEEDS_REVIEW
area_m2,WT-SCREED,Стяжка пола,floor,"Площадь металлоконструкций, м²",Площадь поверхности металлоконструкций (для окраски/грунта/обшивки — как заложено в нормах).,м²,true,1,DUPLICATE_PATTERN|LABEL_MISMATCH|NEEDS_REVIEW
area_m2,WT-STEEL-CANOPY-GABLE,Навес двускатный (металл),roof,"Площадь металлоконструкций, м²",Площадь поверхности металлоконструкций (для окраски/грунта/обшивки — как заложено в нормах).,м²,true,1,DUPLICATE_PATTERN|LABEL_MISMATCH|NEEDS_REVIEW
area_m2,WT-STEEL-CANOPY-HIP,Навес вальмовый (металл),roof,"Площадь металлоконструкций, м²",Площадь поверхности металлоконструкций (для окраски/грунта/обшивки — как заложено в нормах).,м²,true,1,DUPLICATE_PATTERN|LABEL_MISMATCH|NEEDS_REVIEW
area_m2,WT-STEEL-CANOPY-LEAN,Навес односкатный (металл),roof,"Площадь металлоконструкций, м²",Площадь поверхности металлоконструкций (для окраски/грунта/обшивки — как заложено в нормах).,м²,true,1,DUPLICATE_PATTERN|LABEL_MISMATCH|NEEDS_REVIEW
area_m2,WT-STEEL-GATE-OVERHEAD,Металлоконструкции: ворота подъемные (секционные),metal,"Площадь металлоконструкций, м²",Площадь поверхности металлоконструкций (для окраски/грунта/обшивки — как заложено в нормах).,м²,true,1,DUPLICATE_PATTERN|LABEL_MISMATCH|NEEDS_REVIEW
area_m2,WT-STEEL-PAINT,Окраска металлоконструкций,metal,"Площадь металлоконструкций, м²",Площадь поверхности металлоконструкций (для окраски/грунта/обшивки — как заложено в нормах).,м²,true,1,DUPLICATE_PATTERN|LABEL_MISMATCH|NEEDS_REVIEW
area_m2,WT-STEEL-PRIME,Металлоконструкции: грунтование,metal,"Площадь металлоконструкций, м²",Площадь поверхности металлоконструкций (для окраски/грунта/обшивки — как заложено в нормах).,м²,true,1,DUPLICATE_PATTERN|LABEL_MISMATCH|NEEDS_REVIEW
area_m2,WT-SUBBASE-PRO,Подготовка основания под фундамент (PRO),concrete,"Площадь бетонирования, м²","Площадь поверхности, где выполняются бетонные работы (плита/пол/участок). Можно вводить числом или формулой.",м²,true,1,DUPLICATE_PATTERN|LABEL_MISMATCH|NEEDS_REVIEW
area_m2,WT-TILE,Плитка (пол/стены),tile,"Площадь металлоконструкций, м²",Площадь поверхности металлоконструкций (для окраски/грунта/обшивки — как заложено в нормах).,м²,true,1,DUPLICATE_PATTERN|LABEL_MISMATCH|NEEDS_REVIEW
area_m2,WT-WALLPAPER,Обои (поклейка),finish,"Площадь металлоконструкций, м²",Площадь поверхности металлоконструкций (для окраски/грунта/обшивки — как заложено в нормах).,м²,true,1,DUPLICATE_PATTERN|LABEL_MISMATCH|NEEDS_REVIEW
area_m2,WT-WINDOW-AL,Окна алюминиевые / витражи,windows,"Площадь металлоконструкций, м²",Площадь поверхности металлоконструкций (для окраски/грунта/обшивки — как заложено в нормах).,м²,true,1,DUPLICATE_PATTERN|LABEL_MISMATCH|NEEDS_REVIEW
area_m2,WT-WINDOW-PVC,Окна ПВХ (монтаж/замена),windows,"Площадь металлоконструкций, м²",Площадь поверхности металлоконструкций (для окраски/грунта/обшивки — как заложено в нормах).,м²,true,1,DUPLICATE_PATTERN|LABEL_MISMATCH|NEEDS_REVIEW
area_m2,WT-WINDOW-REVEAL,Откосы и подоконники (внутренние),windows,"Площадь металлоконструкций, м²",Площадь поверхности металлоконструкций (для окраски/грунта/обшивки — как заложено в нормах).,м²,true,1,DUPLICATE_PATTERN|LABEL_MISMATCH|NEEDS_REVIEW
area_m2,WT-WP,Гидроизоляция,hydro,"Площадь металлоконструкций, м²",Площадь поверхности металлоконструкций (для окраски/грунта/обшивки — как заложено в нормах).,м²,true,1,DUPLICATE_PATTERN|LABEL_MISMATCH|NEEDS_REVIEW
area_wall_m2,com_fitout,Коммерческая отделка,finish,Площадь стен,Площадь стен. Обычно: периметр помещения × высота минус площадь проёмов (окна/двери). Можно вводить формулой.,м²,true,3,DUPLICATE_PATTERN|LABEL_MISMATCH|NEEDS_REVIEW
area_wall_m2,WT-FACADE-ACP,Фасад навесной: алюкобонд/ACP,facade,"Площадь проёмов, м²","Суммарная площадь окон/дверей (Ш×В) по всем проёмам. Нужна, если хочешь считать фасад “без проёмов”.",м²,false,1003,DUPLICATE_PATTERN|LABEL_MISMATCH|NEEDS_REVIEW
area_wall_m2,WT-FACADE-CASSETTE-INSTALL,Фасад: металлокассеты (вент),facade,"Площадь проёмов, м²","Суммарная площадь окон/дверей (Ш×В) по всем проёмам. Нужна, если хочешь считать фасад “без проёмов”.",м²,false,1003,DUPLICATE_PATTERN|LABEL_MISMATCH|NEEDS_REVIEW
area_wall_m2,WT-FACADE-CLINKER-VF,Фасад навесной: клинкерная плитка,facade,"Площадь проёмов, м²","Суммарная площадь окон/дверей (Ш×В) по всем проёмам. Нужна, если хочешь считать фасад “без проёмов”.",м²,false,1003,DUPLICATE_PATTERN|LABEL_MISMATCH|NEEDS_REVIEW
area_wall_m2,WT-FACADE-FC-H,Фасад FC на заклёпке (общ.),facade,"Площадь проёмов, м²","Суммарная площадь окон/дверей (Ш×В) по всем проёмам. Нужна, если хочешь считать фасад “без проёмов”.",м²,false,1003,DUPLICATE_PATTERN|LABEL_MISMATCH|NEEDS_REVIEW
area_wall_m2,WT-FACADE-FC-H-10,Фиброцементный фасад (H-профиль) 10 мм,facade,"Площадь проёмов, м²","Суммарная площадь окон/дверей (Ш×В) по всем проёмам. Нужна, если хочешь считать фасад “без проёмов”.",м²,false,1003,DUPLICATE_PATTERN|LABEL_MISMATCH|NEEDS_REVIEW
area_wall_m2,WT-FACADE-FC-H-12,Фиброцементный фасад (H-профиль) 12 мм,facade,"Площадь проёмов, м²","Суммарная площадь окон/дверей (Ш×В) по всем проёмам. Нужна, если хочешь считать фасад “без проёмов”.",м²,false,1003,DUPLICATE_PATTERN|LABEL_MISMATCH|NEEDS_REVIEW
area_wall_m2,WT-FACADE-FC-H-8,Фиброцементный фасад (H-профиль) 8 мм,facade,"Площадь проёмов, м²","Суммарная площадь окон/дверей (Ш×В) по всем проёмам. Нужна, если хочешь считать фасад “без проёмов”.",м²,false,1003,DUPLICATE_PATTERN|LABEL_MISMATCH|NEEDS_REVIEW
area_wall_m2,WT-FACADE-FC-RIVET,Фасад FC на заклёпке (серия),facade,"Площадь проёмов, м²","Суммарная площадь окон/дверей (Ш×В) по всем проёмам. Нужна, если хочешь считать фасад “без проёмов”.",м²,false,1003,DUPLICATE_PATTERN|LABEL_MISMATCH|NEEDS_REVIEW
area_wall_m2,WT-FACADE-FC-RIVET-10,"Фасад FC на заклёпке ⌀4,8×10",facade,"Площадь проёмов, м²","Суммарная площадь окон/дверей (Ш×В) по всем проёмам. Нужна, если хочешь считать фасад “без проёмов”.",м²,false,1003,DUPLICATE_PATTERN|LABEL_MISMATCH|NEEDS_REVIEW
area_wall_m2,WT-FACADE-FC-RIVET-12,"Фасад FC на заклёпке ⌀4,8×12",facade,"Площадь проёмов, м²","Суммарная площадь окон/дверей (Ш×В) по всем проёмам. Нужна, если хочешь считать фасад “без проёмов”.",м²,false,1003,DUPLICATE_PATTERN|LABEL_MISMATCH|NEEDS_REVIEW
area_wall_m2,WT-FACADE-FC-RIVET-8,"Фасад FC на заклёпке ⌀4,8×8",facade,"Площадь проёмов, м²","Суммарная площадь окон/дверей (Ш×В) по всем проёмам. Нужна, если хочешь считать фасад “без проёмов”.",м²,false,1003,DUPLICATE_PATTERN|LABEL_MISMATCH|NEEDS_REVIEW
area_wall_m2,WT-FACADE-FCB,Фасад навесной: фиброцементные плиты,facade,"Площадь проёмов, м²","Суммарная площадь окон/дверей (Ш×В) по всем проёмам. Нужна, если хочешь считать фасад “без проёмов”.",м²,false,1003,DUPLICATE_PATTERN|LABEL_MISMATCH|NEEDS_REVIEW
area_wall_m2,WT-FACADE-HPL,Фасад навесной: HPL панели,facade,"Площадь проёмов, м²","Суммарная площадь окон/дверей (Ш×В) по всем проёмам. Нужна, если хочешь считать фасад “без проёмов”.",м²,false,1003,DUPLICATE_PATTERN|LABEL_MISMATCH|NEEDS_REVIEW
area_wall_m2,WT-FACADE-HPL-INSTALL,Фасад: монтаж HPL-панелей,facade,"Площадь проёмов, м²","Суммарная площадь окон/дверей (Ш×В) по всем проёмам. Нужна, если хочешь считать фасад “без проёмов”.",м²,false,1003,DUPLICATE_PATTERN|LABEL_MISMATCH|NEEDS_REVIEW
area_wall_m2,WT-FACADE-HPL-LSTK,Фасад HPL (LSTK-набор),facade,"Площадь проёмов, м²","Суммарная площадь окон/дверей (Ш×В) по всем проёмам. Нужна, если хочешь считать фасад “без проёмов”.",м²,false,1003,DUPLICATE_PATTERN|LABEL_MISMATCH|NEEDS_REVIEW
area_wall_m2,WT-FACADE-PORC,Фасад навесной: керамогранит,facade,"Площадь проёмов, м²","Суммарная площадь окон/дверей (Ш×В) по всем проёмам. Нужна, если хочешь считать фасад “без проёмов”.",м²,false,1003,DUPLICATE_PATTERN|LABEL_MISMATCH|NEEDS_REVIEW
area_wall_m2,WT-FACADE-PORCELAIN-VENT,Фасад: керамогранит (вент),facade,"Площадь проёмов, м²","Суммарная площадь окон/дверей (Ш×В) по всем проёмам. Нужна, если хочешь считать фасад “без проёмов”.",м²,false,1003,DUPLICATE_PATTERN|LABEL_MISMATCH|NEEDS_REVIEW
area_wall_m2,WT-FACADE-STONE,Фасад навесной: камень,facade,"Площадь проёмов, м²","Суммарная площадь окон/дверей (Ш×В) по всем проёмам. Нужна, если хочешь считать фасад “без проёмов”.",м²,false,1003,DUPLICATE_PATTERN|LABEL_MISMATCH|NEEDS_REVIEW
area_wall_m2,WT-FACADE-WET,Фасад “мокрый” (СФТК),facade,"Площадь проёмов, м²","Суммарная площадь окон/дверей (Ш×В) по всем проёмам. Нужна, если хочешь считать фасад “без проёмов”.",м²,false,1003,DUPLICATE_PATTERN|LABEL_MISMATCH|NEEDS_REVIEW
area_wall_m2,WT-FACADE-WET-SYSTEM,Фасад: «мокрый» (ETICS),facade,"Площадь проёмов, м²","Суммарная площадь окон/дверей (Ш×В) по всем проёмам. Нужна, если хочешь считать фасад “без проёмов”.",м²,false,1003,DUPLICATE_PATTERN|LABEL_MISMATCH|NEEDS_REVIEW
backfill_m3,WT-CONC,Бетонные работы,concrete,"Обратная засыпка, м³",Обратная засыпка + уплотнение в м³.,м³,true,2,OK
base_mix_mass_t,WT-EXT-ASPHALT-PRO,"Асфальтирование дороги (двухслойное, PRO)",ext,"Масса нижнего слоя смеси, т",Сколько тонн нижнего слоя асфальтобетонной смеси.,т,true,2,OK
count,ind_concrete,Бетонные работы,concrete,Количество,Просто счёт в штуках: сколько элементов/мест/узлов нужно. Можно вводить формулой: 3+5+2.,шт,true,2,DUPLICATE_PATTERN|LABEL_MISMATCH|NEEDS_REVIEW
count,ind_piping,Трубопроводы,plumb,Количество,Просто счёт в штуках: сколько элементов/мест/узлов нужно. Можно вводить формулой: 3+5+2.,шт,true,1,DUPLICATE_PATTERN|LABEL_MISMATCH|NEEDS_REVIEW
count,res_electrica,Электрика (жилые),elec,Количество,Просто счёт в штуках: сколько элементов/мест/узлов нужно. Можно вводить формулой: 3+5+2.,шт,true,1,DUPLICATE_PATTERN|LABEL_MISMATCH|NEEDS_REVIEW
count,sanitary,Сантехника (универсальная),plumb,Количество,Просто счёт в штуках: сколько элементов/мест/узлов нужно. Можно вводить формулой: 3+5+2.,шт,true,1,DUPLICATE_PATTERN|LABEL_MISMATCH|NEEDS_REVIEW
count,WT-BATH,Санузел / Ванная (комплект),plumb,Количество,Просто счёт в штуках: сколько элементов/мест/узлов нужно. Можно вводить формулой: 3+5+2.,шт,true,2,DUPLICATE_PATTERN|LABEL_MISMATCH|NEEDS_REVIEW
count,WT-BLOCK,Кладка блоков,masonry,Количество,Просто счёт в штуках: сколько элементов/мест/узлов нужно. Можно вводить формулой: 3+5+2.,шт,true,2,DUPLICATE_PATTERN|LABEL_MISMATCH|NEEDS_REVIEW
count,WT-CONC,Бетонные работы,concrete,Количество,Просто счёт в штуках: сколько элементов/мест/узлов нужно. Можно вводить формулой: 3+5+2.,шт,true,3,DUPLICATE_PATTERN|LABEL_MISMATCH|NEEDS_REVIEW
count,WT-CONCRETE-BEAM,Монолитная балка,concrete,Количество,Просто счёт в штуках: сколько элементов/мест/узлов нужно. Можно вводить формулой: 3+5+2.,шт,true,2,DUPLICATE_PATTERN|LABEL_MISMATCH|NEEDS_REVIEW
count,WT-CONCRETE-COLUMN,Монолитная колонна,concrete,Количество,Просто счёт в штуках: сколько элементов/мест/узлов нужно. Можно вводить формулой: 3+5+2.,шт,true,1,DUPLICATE_PATTERN|LABEL_MISMATCH|NEEDS_REVIEW
count,WT-CONCRETE-FOOTING,Монолитная тумба/башмак,concrete,Количество,Просто счёт в штуках: сколько элементов/мест/узлов нужно. Можно вводить формулой: 3+5+2.,шт,true,1,DUPLICATE_PATTERN|LABEL_MISMATCH|NEEDS_REVIEW
count,WT-CONCRETE-PILE,Бетон: сваи/столбы (армирование),concrete,Количество,Просто счёт в штуках: сколько элементов/мест/узлов нужно. Можно вводить формулой: 3+5+2.,шт,true,1,DUPLICATE_PATTERN|LABEL_MISMATCH|NEEDS_REVIEW
count,WT-CONCRETE-SLAB,Монолитная плита,concrete,Количество,Просто счёт в штуках: сколько элементов/мест/узлов нужно. Можно вводить формулой: 3+5+2.,шт,true,5,DUPLICATE_PATTERN|LABEL_MISMATCH|NEEDS_REVIEW
count,WT-CONCRETE-STRIP,Ленточный фундамент,concrete,Количество,Просто счёт в штуках: сколько элементов/мест/узлов нужно. Можно вводить формулой: 3+5+2.,шт,true,5,DUPLICATE_PATTERN|LABEL_MISMATCH|NEEDS_REVIEW
count,WT-DELIVERY,Логистика: поставка/рейсы,logist,Количество,Просто счёт в штуках: сколько элементов/мест/узлов нужно. Можно вводить формулой: 3+5+2.,шт,true,1,DUPLICATE_PATTERN|LABEL_MISMATCH|NEEDS_REVIEW
count,WT-DEM-DOOR,Демонтаж дверей,demo,"Количество дверей, шт",Сколько дверей демонтируем.,шт,true,1,DUPLICATE_PATTERN|LABEL_MISMATCH|NEEDS_REVIEW
count,WT-DEM-LIGHT,Демонтаж светильников,demo,"Количество светильников/точек, шт",Сколько светильников/точек снимаем.,шт,true,1,DUPLICATE_PATTERN|LABEL_MISMATCH|NEEDS_REVIEW
count,WT-DEM-OUTLET,Демонтаж розеток/выключателей,demo,"Количество розеток, шт",Сколько розеток демонтируем.,шт,true,1,DUPLICATE_PATTERN|LABEL_MISMATCH|NEEDS_REVIEW
count,WT-DEM-PLUMB-FIX,Демонтаж сантехприборов,demo,"Количество сантехточек, шт",Сколько точек/приборов демонтируем (унитаз/раковина/смеситель и т.п.).,шт,true,1,DUPLICATE_PATTERN|LABEL_MISMATCH|NEEDS_REVIEW
count,WT-DEM-RADIATOR,Демонтаж радиаторов,demo,"Количество радиаторов, шт",Сколько радиаторов демонтируем.,шт,true,1,DUPLICATE_PATTERN|LABEL_MISMATCH|NEEDS_REVIEW
count,WT-DEM-WINDOW,Демонтаж окон,demo,"Количество окон, шт",Сколько окон демонтируем.,шт,true,1,DUPLICATE_PATTERN|LABEL_MISMATCH|NEEDS_REVIEW
count,WT-DOOR,Двери (монтаж),doors,Количество,Просто счёт в штуках: сколько элементов/мест/узлов нужно. Можно вводить формулой: 3+5+2.,шт,true,1,DUPLICATE_PATTERN|LABEL_MISMATCH|NEEDS_REVIEW
count,WT-DOOR-SET,Установка двери (комплект),doors,Количество,Просто счёт в штуках: сколько элементов/мест/узлов нужно. Можно вводить формулой: 3+5+2.,шт,true,1,DUPLICATE_PATTERN|LABEL_MISMATCH|NEEDS_REVIEW
count,WT-ELEC-LIGHT,Электрика: светильники,elec,Количество,Просто счёт в штуках: сколько элементов/мест/узлов нужно. Можно вводить формулой: 3+5+2.,шт,true,1,DUPLICATE_PATTERN|LABEL_MISMATCH|NEEDS_REVIEW
count,WT-ELEC-OUTLET,Электрика: розетки,elec,Количество,Просто счёт в штуках: сколько элементов/мест/узлов нужно. Можно вводить формулой: 3+5+2.,шт,true,1,DUPLICATE_PATTERN|LABEL_MISMATCH|NEEDS_REVIEW
count,WT-ELEC-SWITCH,Электрика: выключатели,elec,Количество,Просто счёт в штуках: сколько элементов/мест/узлов нужно. Можно вводить формулой: 3+5+2.,шт,true,1,DUPLICATE_PATTERN|LABEL_MISMATCH|NEEDS_REVIEW
count,WT-ELEC-TRAY,Электрика: кабельные лотки,elec,Количество,Просто счёт в штуках: сколько элементов/мест/узлов нужно. Можно вводить формулой: 3+5+2.,шт,true,1,DUPLICATE_PATTERN|LABEL_MISMATCH|NEEDS_REVIEW
count,WT-FLOOR-LAMINATE,Ламинат/плинтус,floor,Количество,Просто счёт в штуках: сколько элементов/мест/узлов нужно. Можно вводить формулой: 3+5+2.,шт,true,2,DUPLICATE_PATTERN|LABEL_MISMATCH|NEEDS_REVIEW
count,WT-HYDRO,Гидроизоляция,hydro,Количество,Просто счёт в штуках: сколько элементов/мест/узлов нужно. Можно вводить формулой: 3+5+2.,шт,true,2,DUPLICATE_PATTERN|LABEL_MISMATCH|NEEDS_REVIEW
count,WT-LEVEL,Наливной пол,floor,Количество,Просто счёт в штуках: сколько элементов/мест/узлов нужно. Можно вводить формулой: 3+5+2.,шт,true,2,DUPLICATE_PATTERN|LABEL_MISMATCH|NEEDS_REVIEW
count,WT-MASONRY-BLOCK,Кладка блоков (газоблок),masonry,Количество,Просто счёт в штуках: сколько элементов/мест/узлов нужно. Можно вводить формулой: 3+5+2.,шт,true,2,DUPLICATE_PATTERN|LABEL_MISMATCH|NEEDS_REVIEW
count,WT-PLMB,Сантехника/трубопроводы,plumb,Количество,Просто счёт в штуках: сколько элементов/мест/узлов нужно. Можно вводить формулой: 3+5+2.,шт,true,2,DUPLICATE_PATTERN|LABEL_MISMATCH|NEEDS_REVIEW
count,WT-PUTTY,Шпаклёвка (финиш),finish,Количество,Просто счёт в штуках: сколько элементов/мест/узлов нужно. Можно вводить формулой: 3+5+2.,шт,true,2,DUPLICATE_PATTERN|LABEL_MISMATCH|NEEDS_REVIEW
count,WT-STEEL-GATE-OVERHEAD,Металлоконструкции: ворота подъемные (секционные),metal,Количество,Просто счёт в штуках: сколько элементов/мест/узлов нужно. Можно вводить формулой: 3+5+2.,шт,true,2,DUPLICATE_PATTERN|LABEL_MISMATCH|NEEDS_REVIEW
count,WT-STEEL-GATE-SLIDE,Металлоконструкции: ворота откатные,metal,Количество,Просто счёт в штуках: сколько элементов/мест/узлов нужно. Можно вводить формулой: 3+5+2.,шт,true,1,DUPLICATE_PATTERN|LABEL_MISMATCH|NEEDS_REVIEW
count,WT-STEEL-GATE-SWING,Металлоконструкции: ворота распашные,metal,Количество,Просто счёт в штуках: сколько элементов/мест/узлов нужно. Можно вводить формулой: 3+5+2.,шт,true,1,DUPLICATE_PATTERN|LABEL_MISMATCH|NEEDS_REVIEW
count,WT-STEEL-STAIR,Металлоконструкции: лестница (металл),metal,Количество,Просто счёт в штуках: сколько элементов/мест/узлов нужно. Можно вводить формулой: 3+5+2.,шт,true,1,DUPLICATE_PATTERN|LABEL_MISMATCH|NEEDS_REVIEW
count,WT-STEEL-TRUSS-HEAVY,Металлоконструкции: ферма (усиленная),metal,Количество,Просто счёт в штуках: сколько элементов/мест/узлов нужно. Можно вводить формулой: 3+5+2.,шт,true,1,DUPLICATE_PATTERN|LABEL_MISMATCH|NEEDS_REVIEW
count,WT-STEEL-TRUSS-LIGHT,Металлоконструкции: ферма (облегчённая),metal,Количество,Просто счёт в штуках: сколько элементов/мест/узлов нужно. Можно вводить формулой: 3+5+2.,шт,true,1,DUPLICATE_PATTERN|LABEL_MISMATCH|NEEDS_REVIEW
count,WT-WINDOW-AL,Окна алюминиевые / витражи,windows,Количество,Просто счёт в штуках: сколько элементов/мест/узлов нужно. Можно вводить формулой: 3+5+2.,шт,true,2,DUPLICATE_PATTERN|LABEL_MISMATCH|NEEDS_REVIEW
count,WT-WINDOW-PVC,Окна ПВХ (монтаж/замена),windows,Количество,Просто счёт в штуках: сколько элементов/мест/узлов нужно. Можно вводить формулой: 3+5+2.,шт,true,2,DUPLICATE_PATTERN|LABEL_MISMATCH|NEEDS_REVIEW
count,WT-WINDOW-REVEAL,Откосы и подоконники (внутренние),windows,Количество,Просто счёт в штуках: сколько элементов/мест/узлов нужно. Можно вводить формулой: 3+5+2.,шт,true,2,DUPLICATE_PATTERN|LABEL_MISMATCH|NEEDS_REVIEW
excavation_m3,WT-CONC,Бетонные работы,concrete,"Разработка грунта, м³",Разработка грунта (котлован/траншеи) в м³.,м³,true,4,OK
film_m2,ind_concrete,Бетонные работы,concrete,"Плёнка/укрытие, м²",Плёнка/укрытие/гео. Обычно равна площади.,м²,true,3,OK
finish_mix_mass_t,WT-EXT-ASPHALT-PRO,"Асфальтирование дороги (двухслойное, PRO)",ext,"Масса верхнего слоя смеси, т",Сколько тонн верхнего слоя асфальтобетонной смеси.,т,true,3,OK
formwork_m2,ind_concrete,Бетонные работы,concrete,"Опалубка, м²",Площадь опалубки (м²).,м²,true,4,OK
formwork_m2,WT-CONC,Бетонные работы,concrete,"Опалубка, м²",Площадь опалубки (м²).,м²,true,5,OK
height_m,WT-BLOCK,Кладка блоков,masonry,Высота облицовки,Высота кладки от фундамента/перекрытия до верха стены. Можно брать чистую высоту помещения плюс запас под перекрытие.,м,true,3,DUPLICATE_PATTERN|LABEL_MISMATCH|NEEDS_REVIEW
height_m,WT-CONC-FLOOR,Бетонирование пола,concrete,"Толщина слоя, м",Толщина слоя в метрах. Пример: 0.05 = 50 мм.,м,true,2,DUPLICATE_PATTERN|LABEL_MISMATCH|NEEDS_REVIEW
height_m,WT-CONCRETE-SLAB,Монолитная плита,concrete,"Толщина плиты, м",Толщина плиты в метрах. Пример: 0.12 = 120 мм.,м,true,2,DUPLICATE_PATTERN|LABEL_MISMATCH|NEEDS_REVIEW
height_m,WT-CONCRETE-SLAB-PRO,"Фундамент плита (бетон, PRO)",concrete,"Толщина плиты, м",Толщина плиты в метрах. Пример: 0.12 = 120 мм.,м,true,2,DUPLICATE_PATTERN|LABEL_MISMATCH|NEEDS_REVIEW
height_m,WT-CONCRETE-STRIP,Ленточный фундамент,concrete,"Высота ленты, м",Высота/глубина ленты (м). Например: 0.8 = 800 мм.,м,true,3,DUPLICATE_PATTERN|LABEL_MISMATCH|NEEDS_REVIEW
height_m,WT-CONCRETE-STRIP-PRO,"Фундамент ленточный (бетон, PRO)",concrete,"Высота ленты, м",Высота/глубина ленты (м). Например: 0.8 = 800 мм.,м,true,3,DUPLICATE_PATTERN|LABEL_MISMATCH|NEEDS_REVIEW
height_m,WT-FACADE-ACP,Фасад навесной: алюкобонд/ACP,facade,"Высота фасада, м",Высота фасада (м). Можно авто-посчитать площадь: длина × высота или периметр × высота.,м,false,1001,DUPLICATE_PATTERN|LABEL_MISMATCH|NEEDS_REVIEW
height_m,WT-FACADE-CASSETTE-INSTALL,Фасад: металлокассеты (вент),facade,"Высота фасада, м",Высота фасада (м). Можно авто-посчитать площадь: длина × высота или периметр × высота.,м,false,1001,DUPLICATE_PATTERN|LABEL_MISMATCH|NEEDS_REVIEW
height_m,WT-FACADE-CLINKER-VF,Фасад навесной: клинкерная плитка,facade,"Высота фасада, м",Высота фасада (м). Можно авто-посчитать площадь: длина × высота или периметр × высота.,м,false,1001,DUPLICATE_PATTERN|LABEL_MISMATCH|NEEDS_REVIEW
height_m,WT-FACADE-FC-H,Фасад FC на заклёпке (общ.),facade,"Высота фасада, м",Высота фасада (м). Можно авто-посчитать площадь: длина × высота или периметр × высота.,м,false,1001,DUPLICATE_PATTERN|LABEL_MISMATCH|NEEDS_REVIEW
height_m,WT-FACADE-FC-H-10,Фиброцементный фасад (H-профиль) 10 мм,facade,"Высота фасада, м",Высота фасада (м). Можно авто-посчитать площадь: длина × высота или периметр × высота.,м,false,1001,DUPLICATE_PATTERN|LABEL_MISMATCH|NEEDS_REVIEW
height_m,WT-FACADE-FC-H-12,Фиброцементный фасад (H-профиль) 12 мм,facade,"Высота фасада, м",Высота фасада (м). Можно авто-посчитать площадь: длина × высота или периметр × высота.,м,false,1001,DUPLICATE_PATTERN|LABEL_MISMATCH|NEEDS_REVIEW
height_m,WT-FACADE-FC-H-8,Фиброцементный фасад (H-профиль) 8 мм,facade,"Высота фасада, м",Высота фасада (м). Можно авто-посчитать площадь: длина × высота или периметр × высота.,м,false,1001,DUPLICATE_PATTERN|LABEL_MISMATCH|NEEDS_REVIEW
height_m,WT-FACADE-FC-RIVET,Фасад FC на заклёпке (серия),facade,"Высота фасада, м",Высота фасада (м). Можно авто-посчитать площадь: длина × высота или периметр × высота.,м,false,1001,DUPLICATE_PATTERN|LABEL_MISMATCH|NEEDS_REVIEW
height_m,WT-FACADE-FC-RIVET-10,"Фасад FC на заклёпке ⌀4,8×10",facade,"Высота фасада, м",Высота фасада (м). Можно авто-посчитать площадь: длина × высота или периметр × высота.,м,false,1001,DUPLICATE_PATTERN|LABEL_MISMATCH|NEEDS_REVIEW
height_m,WT-FACADE-FC-RIVET-12,"Фасад FC на заклёпке ⌀4,8×12",facade,"Высота фасада, м",Высота фасада (м). Можно авто-посчитать площадь: длина × высота или периметр × высота.,м,false,1001,DUPLICATE_PATTERN|LABEL_MISMATCH|NEEDS_REVIEW
height_m,WT-FACADE-FC-RIVET-8,"Фасад FC на заклёпке ⌀4,8×8",facade,"Высота фасада, м",Высота фасада (м). Можно авто-посчитать площадь: длина × высота или периметр × высота.,м,false,1001,DUPLICATE_PATTERN|LABEL_MISMATCH|NEEDS_REVIEW
height_m,WT-FACADE-FCB,Фасад навесной: фиброцементные плиты,facade,"Высота фасада, м",Высота фасада (м). Можно авто-посчитать площадь: длина × высота или периметр × высота.,м,false,1001,DUPLICATE_PATTERN|LABEL_MISMATCH|NEEDS_REVIEW
height_m,WT-FACADE-HPL,Фасад навесной: HPL панели,facade,"Высота фасада, м",Высота фасада (м). Можно авто-посчитать площадь: длина × высота или периметр × высота.,м,false,1001,DUPLICATE_PATTERN|LABEL_MISMATCH|NEEDS_REVIEW
height_m,WT-FACADE-HPL-INSTALL,Фасад: монтаж HPL-панелей,facade,"Высота фасада, м",Высота фасада (м). Можно авто-посчитать площадь: длина × высота или периметр × высота.,м,false,1001,DUPLICATE_PATTERN|LABEL_MISMATCH|NEEDS_REVIEW
height_m,WT-FACADE-HPL-LSTK,Фасад HPL (LSTK-набор),facade,"Высота фасада, м",Высота фасада (м). Можно авто-посчитать площадь: длина × высота или периметр × высота.,м,false,1001,DUPLICATE_PATTERN|LABEL_MISMATCH|NEEDS_REVIEW
height_m,WT-FACADE-PORC,Фасад навесной: керамогранит,facade,"Высота фасада, м",Высота фасада (м). Можно авто-посчитать площадь: длина × высота или периметр × высота.,м,false,1001,DUPLICATE_PATTERN|LABEL_MISMATCH|NEEDS_REVIEW
height_m,WT-FACADE-PORCELAIN-VENT,Фасад: керамогранит (вент),facade,"Высота фасада, м",Высота фасада (м). Можно авто-посчитать площадь: длина × высота или периметр × высота.,м,false,1001,DUPLICATE_PATTERN|LABEL_MISMATCH|NEEDS_REVIEW
height_m,WT-FACADE-STONE,Фасад навесной: камень,facade,"Высота фасада, м",Высота фасада (м). Можно авто-посчитать площадь: длина × высота или периметр × высота.,м,false,1001,DUPLICATE_PATTERN|LABEL_MISMATCH|NEEDS_REVIEW
height_m,WT-FACADE-WET,Фасад “мокрый” (СФТК),facade,"Высота фасада, м",Высота фасада (м). Можно авто-посчитать площадь: длина × высота или периметр × высота.,м,false,1001,DUPLICATE_PATTERN|LABEL_MISMATCH|NEEDS_REVIEW
height_m,WT-FACADE-WET-SYSTEM,Фасад: «мокрый» (ETICS),facade,"Высота фасада, м",Высота фасада (м). Можно авто-посчитать площадь: длина × высота или периметр × высота.,м,false,1001,DUPLICATE_PATTERN|LABEL_MISMATCH|NEEDS_REVIEW
height_m,WT-MASONRY-BRICK,Кладка кирпича,masonry,Высота облицовки,Высота кладки от фундамента/перекрытия до верха стены. Можно брать чистую высоту помещения плюс запас под перекрытие.,м,true,2,DUPLICATE_PATTERN|LABEL_MISMATCH|NEEDS_REVIEW
height_m,WT-MASONRY-BRICK-CLINKER,Кладка облицовочная: кирпич клинкер,masonry,Высота облицовки,Высота кладки от фундамента/перекрытия до верха стены. Можно брать чистую высоту помещения плюс запас под перекрытие.,м,true,2,DUPLICATE_PATTERN|LABEL_MISMATCH|NEEDS_REVIEW
length_m,ind_piping,Трубопроводы,plumb,"Длина балки, м","Суммарная длина элемента: например, длина ленты фундамента или балки. Можно вводить формулой: 4+3+2.5.",м,true,2,DUPLICATE_PATTERN|LABEL_MISMATCH|NEEDS_REVIEW
length_m,ind_steel,Металлоконструкции,metal,"Длина балки, м","Суммарная длина элемента: например, длина ленты фундамента или балки. Можно вводить формулой: 4+3+2.5.",м,true,2,DUPLICATE_PATTERN|LABEL_MISMATCH|NEEDS_REVIEW
length_m,res_electrica,Электрика (жилые),elec,"Длина балки, м","Суммарная длина элемента: например, длина ленты фундамента или балки. Можно вводить формулой: 4+3+2.5.",м,true,2,DUPLICATE_PATTERN|LABEL_MISMATCH|NEEDS_REVIEW
length_m,sanitary,Сантехника (универсальная),plumb,"Длина балки, м","Суммарная длина элемента: например, длина ленты фундамента или балки. Можно вводить формулой: 4+3+2.5.",м,true,2,DUPLICATE_PATTERN|LABEL_MISMATCH|NEEDS_REVIEW
length_m,WT-BLOCK,Кладка блоков,masonry,"Длина балки, м","Суммарная длина элемента: например, длина ленты фундамента или балки. Можно вводить формулой: 4+3+2.5.",м,true,4,DUPLICATE_PATTERN|LABEL_MISMATCH|NEEDS_REVIEW
length_m,WT-CONCRETE-STRIP,Ленточный фундамент,concrete,"Ширина ленты, м",Ширина ленты (м). Например: 0.4 = 400 мм.,м,true,2,DUPLICATE_PATTERN|LABEL_MISMATCH|NEEDS_REVIEW
length_m,WT-CONCRETE-STRIP-PRO,"Фундамент ленточный (бетон, PRO)",concrete,"Ширина ленты, м",Ширина ленты (м). Например: 0.4 = 400 мм.,м,true,2,DUPLICATE_PATTERN|LABEL_MISMATCH|NEEDS_REVIEW
length_m,WT-ELEC,Электромонтаж (общий),elec,"Длина балки, м","Суммарная длина элемента: например, длина ленты фундамента или балки. Можно вводить формулой: 4+3+2.5.",м,true,1,DUPLICATE_PATTERN|LABEL_MISMATCH|NEEDS_REVIEW
length_m,WT-ELEC-CABLE,Электрика: кабельные линии/штробы,elec,"Длина балки, м","Суммарная длина элемента: например, длина ленты фундамента или балки. Можно вводить формулой: 4+3+2.5.",м,true,1,DUPLICATE_PATTERN|LABEL_MISMATCH|NEEDS_REVIEW
length_m,WT-ELEC-TRAY,Электрика: кабельные лотки,elec,"Длина балки, м","Суммарная длина элемента: например, длина ленты фундамента или балки. Можно вводить формулой: 4+3+2.5.",м,true,2,DUPLICATE_PATTERN|LABEL_MISMATCH|NEEDS_REVIEW
length_m,WT-EXT-CURB,Бордюр дорожный,ext,"Длина балки, м","Суммарная длина элемента: например, длина ленты фундамента или балки. Можно вводить формулой: 4+3+2.5.",м,true,1,DUPLICATE_PATTERN|LABEL_MISMATCH|NEEDS_REVIEW
length_m,WT-EXT-DRAIN-CHANNEL,Водоотводные лотки вдоль дороги,ext,"Длина балки, м","Суммарная длина элемента: например, длина ленты фундамента или балки. Можно вводить формулой: 4+3+2.5.",м,true,1,DUPLICATE_PATTERN|LABEL_MISMATCH|NEEDS_REVIEW
length_m,WT-FACADE-ACP,Фасад навесной: алюкобонд/ACP,facade,"Длина фасада, м",Длина фасада по фронту (м). Можно авто-посчитать площадь: длина × высота.,м,false,1002,DUPLICATE_PATTERN|LABEL_MISMATCH|NEEDS_REVIEW
length_m,WT-FACADE-CASSETTE-INSTALL,Фасад: металлокассеты (вент),facade,"Длина фасада, м",Длина фасада по фронту (м). Можно авто-посчитать площадь: длина × высота.,м,false,1002,DUPLICATE_PATTERN|LABEL_MISMATCH|NEEDS_REVIEW
length_m,WT-FACADE-CLINKER-VF,Фасад навесной: клинкерная плитка,facade,"Длина фасада, м",Длина фасада по фронту (м). Можно авто-посчитать площадь: длина × высота.,м,false,1002,DUPLICATE_PATTERN|LABEL_MISMATCH|NEEDS_REVIEW
length_m,WT-FACADE-FC-H,Фасад FC на заклёпке (общ.),facade,"Длина фасада, м",Длина фасада по фронту (м). Можно авто-посчитать площадь: длина × высота.,м,false,1002,DUPLICATE_PATTERN|LABEL_MISMATCH|NEEDS_REVIEW
length_m,WT-FACADE-FC-H-10,Фиброцементный фасад (H-профиль) 10 мм,facade,"Длина фасада, м",Длина фасада по фронту (м). Можно авто-посчитать площадь: длина × высота.,м,false,1002,DUPLICATE_PATTERN|LABEL_MISMATCH|NEEDS_REVIEW
length_m,WT-FACADE-FC-H-12,Фиброцементный фасад (H-профиль) 12 мм,facade,"Длина фасада, м",Длина фасада по фронту (м). Можно авто-посчитать площадь: длина × высота.,м,false,1002,DUPLICATE_PATTERN|LABEL_MISMATCH|NEEDS_REVIEW
length_m,WT-FACADE-FC-H-8,Фиброцементный фасад (H-профиль) 8 мм,facade,"Длина фасада, м",Длина фасада по фронту (м). Можно авто-посчитать площадь: длина × высота.,м,false,1002,DUPLICATE_PATTERN|LABEL_MISMATCH|NEEDS_REVIEW
length_m,WT-FACADE-FC-RIVET,Фасад FC на заклёпке (серия),facade,"Длина фасада, м",Длина фасада по фронту (м). Можно авто-посчитать площадь: длина × высота.,м,false,1002,DUPLICATE_PATTERN|LABEL_MISMATCH|NEEDS_REVIEW
length_m,WT-FACADE-FC-RIVET-10,"Фасад FC на заклёпке ⌀4,8×10",facade,"Длина фасада, м",Длина фасада по фронту (м). Можно авто-посчитать площадь: длина × высота.,м,false,1002,DUPLICATE_PATTERN|LABEL_MISMATCH|NEEDS_REVIEW
length_m,WT-FACADE-FC-RIVET-12,"Фасад FC на заклёпке ⌀4,8×12",facade,"Длина фасада, м",Длина фасада по фронту (м). Можно авто-посчитать площадь: длина × высота.,м,false,1002,DUPLICATE_PATTERN|LABEL_MISMATCH|NEEDS_REVIEW
length_m,WT-FACADE-FC-RIVET-8,"Фасад FC на заклёпке ⌀4,8×8",facade,"Длина фасада, м",Длина фасада по фронту (м). Можно авто-посчитать площадь: длина × высота.,м,false,1002,DUPLICATE_PATTERN|LABEL_MISMATCH|NEEDS_REVIEW
length_m,WT-FACADE-FCB,Фасад навесной: фиброцементные плиты,facade,"Длина фасада, м",Длина фасада по фронту (м). Можно авто-посчитать площадь: длина × высота.,м,false,1002,DUPLICATE_PATTERN|LABEL_MISMATCH|NEEDS_REVIEW
length_m,WT-FACADE-HPL,Фасад навесной: HPL панели,facade,"Длина фасада, м",Длина фасада по фронту (м). Можно авто-посчитать площадь: длина × высота.,м,false,1002,DUPLICATE_PATTERN|LABEL_MISMATCH|NEEDS_REVIEW
length_m,WT-FACADE-HPL-INSTALL,Фасад: монтаж HPL-панелей,facade,"Длина фасада, м",Длина фасада по фронту (м). Можно авто-посчитать площадь: длина × высота.,м,false,1002,DUPLICATE_PATTERN|LABEL_MISMATCH|NEEDS_REVIEW
length_m,WT-FACADE-HPL-LSTK,Фасад HPL (LSTK-набор),facade,"Длина фасада, м",Длина фасада по фронту (м). Можно авто-посчитать площадь: длина × высота.,м,false,1002,DUPLICATE_PATTERN|LABEL_MISMATCH|NEEDS_REVIEW
length_m,WT-FACADE-PORC,Фасад навесной: керамогранит,facade,"Длина фасада, м",Длина фасада по фронту (м). Можно авто-посчитать площадь: длина × высота.,м,false,1002,DUPLICATE_PATTERN|LABEL_MISMATCH|NEEDS_REVIEW
length_m,WT-FACADE-PORCELAIN-VENT,Фасад: керамогранит (вент),facade,"Длина фасада, м",Длина фасада по фронту (м). Можно авто-посчитать площадь: длина × высота.,м,false,1002,DUPLICATE_PATTERN|LABEL_MISMATCH|NEEDS_REVIEW
length_m,WT-FACADE-STONE,Фасад навесной: камень,facade,"Длина фасада, м",Длина фасада по фронту (м). Можно авто-посчитать площадь: длина × высота.,м,false,1002,DUPLICATE_PATTERN|LABEL_MISMATCH|NEEDS_REVIEW
length_m,WT-FACADE-WET,Фасад “мокрый” (СФТК),facade,"Длина фасада, м",Длина фасада по фронту (м). Можно авто-посчитать площадь: длина × высота.,м,false,1002,DUPLICATE_PATTERN|LABEL_MISMATCH|NEEDS_REVIEW
length_m,WT-FACADE-WET-SYSTEM,Фасад: «мокрый» (ETICS),facade,"Длина фасада, м",Длина фасада по фронту (м). Можно авто-посчитать площадь: длина × высота.,м,false,1002,DUPLICATE_PATTERN|LABEL_MISMATCH|NEEDS_REVIEW
length_m,WT-HVAC,Вентиляция/кондиционирование,hvac,"Длина балки, м","Суммарная длина элемента: например, длина ленты фундамента или балки. Можно вводить формулой: 4+3+2.5.",м,true,2,DUPLICATE_PATTERN|LABEL_MISMATCH|NEEDS_REVIEW
length_m,WT-MASONRY-BLOCK,Кладка блоков (газоблок),masonry,"Длина балки, м","Суммарная длина элемента: например, длина ленты фундамента или балки. Можно вводить формулой: 4+3+2.5.",м,true,3,DUPLICATE_PATTERN|LABEL_MISMATCH|NEEDS_REVIEW
length_m,WT-MASONRY-BRICK,Кладка кирпича,masonry,"Длина балки, м","Суммарная длина элемента: например, длина ленты фундамента или балки. Можно вводить формулой: 4+3+2.5.",м,true,3,DUPLICATE_PATTERN|LABEL_MISMATCH|NEEDS_REVIEW
length_m,WT-MASONRY-BRICK-CLINKER,Кладка облицовочная: кирпич клинкер,masonry,"Длина балки, м","Суммарная длина элемента: например, длина ленты фундамента или балки. Можно вводить формулой: 4+3+2.5.",м,true,3,DUPLICATE_PATTERN|LABEL_MISMATCH|NEEDS_REVIEW
length_m,WT-PLMB,Сантехника/трубопроводы,plumb,"Длина балки, м","Суммарная длина элемента: например, длина ленты фундамента или балки. Можно вводить формулой: 4+3+2.5.",м,true,3,DUPLICATE_PATTERN|LABEL_MISMATCH|NEEDS_REVIEW
length_m,WT-ROAD-MARKING,Дорожная разметка,ext,"Длина балки, м","Суммарная длина элемента: например, длина ленты фундамента или балки. Можно вводить формулой: 4+3+2.5.",м,true,1,DUPLICATE_PATTERN|LABEL_MISMATCH|NEEDS_REVIEW
length_m,WT-ROAD-MEDIAN,Разделительный барьер / отбойник,ext,"Длина балки, м","Суммарная длина элемента: например, длина ленты фундамента или балки. Можно вводить формулой: 4+3+2.5.",м,true,1,DUPLICATE_PATTERN|LABEL_MISMATCH|NEEDS_REVIEW
length_m,WT-STEEL-CUT,Резка металла,metal,"Длина балки, м","Суммарная длина элемента: например, длина ленты фундамента или балки. Можно вводить формулой: 4+3+2.5.",м,true,1,DUPLICATE_PATTERN|LABEL_MISMATCH|NEEDS_REVIEW
length_m,WT-STEEL-DRILL,Сверление отверстий,metal,"Длина балки, м","Суммарная длина элемента: например, длина ленты фундамента или балки. Можно вводить формулой: 4+3+2.5.",м,true,1,DUPLICATE_PATTERN|LABEL_MISMATCH|NEEDS_REVIEW
length_m,WT-STEEL-FENCE-MESH,Металлоконструкции: забор из сетки,metal,"Длина балки, м","Суммарная длина элемента: например, длина ленты фундамента или балки. Можно вводить формулой: 4+3+2.5.",м,true,1,DUPLICATE_PATTERN|LABEL_MISMATCH|NEEDS_REVIEW
length_m,WT-STEEL-FENCE-PROF,Металлоконструкции: забор из профлиста,metal,"Длина балки, м","Суммарная длина элемента: например, длина ленты фундамента или балки. Можно вводить формулой: 4+3+2.5.",м,true,1,DUPLICATE_PATTERN|LABEL_MISMATCH|NEEDS_REVIEW
length_m,WT-STEEL-GATE-SLIDE,Металлоконструкции: ворота откатные,metal,"Длина балки, м","Суммарная длина элемента: например, длина ленты фундамента или балки. Можно вводить формулой: 4+3+2.5.",м,true,2,DUPLICATE_PATTERN|LABEL_MISMATCH|NEEDS_REVIEW
length_m,WT-STEEL-GATE-SWING,Металлоконструкции: ворота распашные,metal,"Длина балки, м","Суммарная длина элемента: например, длина ленты фундамента или балки. Можно вводить формулой: 4+3+2.5.",м,true,2,DUPLICATE_PATTERN|LABEL_MISMATCH|NEEDS_REVIEW
length_m,WT-STEEL-PAINT,Окраска металлоконструкций,metal,"Длина балки, м","Суммарная длина элемента: например, длина ленты фундамента или балки. Можно вводить формулой: 4+3+2.5.",м,true,2,DUPLICATE_PATTERN|LABEL_MISMATCH|NEEDS_REVIEW
length_m,WT-STEEL-PRIME,Металлоконструкции: грунтование,metal,"Длина балки, м","Суммарная длина элемента: например, длина ленты фундамента или балки. Можно вводить формулой: 4+3+2.5.",м,true,2,DUPLICATE_PATTERN|LABEL_MISMATCH|NEEDS_REVIEW
length_m,WT-STEEL-RAILING,Металлоконструкции: перила/ограждения,metal,"Длина балки, м","Суммарная длина элемента: например, длина ленты фундамента или балки. Можно вводить формулой: 4+3+2.5.",м,true,1,DUPLICATE_PATTERN|LABEL_MISMATCH|NEEDS_REVIEW
length_m,WT-STEEL-STAIR,Металлоконструкции: лестница (металл),metal,"Длина балки, м","Суммарная длина элемента: например, длина ленты фундамента или балки. Можно вводить формулой: 4+3+2.5.",м,true,2,DUPLICATE_PATTERN|LABEL_MISMATCH|NEEDS_REVIEW
length_m,WT-STEEL-TRUSS-HEAVY,Металлоконструкции: ферма (усиленная),metal,"Длина балки, м","Суммарная длина элемента: например, длина ленты фундамента или балки. Можно вводить формулой: 4+3+2.5.",м,true,2,DUPLICATE_PATTERN|LABEL_MISMATCH|NEEDS_REVIEW
length_m,WT-STEEL-TRUSS-LIGHT,Металлоконструкции: ферма (облегчённая),metal,"Длина балки, м","Суммарная длина элемента: например, длина ленты фундамента или балки. Можно вводить формулой: 4+3+2.5.",м,true,2,DUPLICATE_PATTERN|LABEL_MISMATCH|NEEDS_REVIEW
length_m,WT-STEEL-WELD-MIG-A4,"Сварка MIG/MAG, катет a=4 мм",metal,"Длина балки, м","Суммарная длина элемента: например, длина ленты фундамента или балки. Можно вводить формулой: 4+3+2.5.",м,true,1,DUPLICATE_PATTERN|LABEL_MISMATCH|NEEDS_REVIEW
length_m,WT-STEEL-WELD-MMA,Сварка ручная дуговая (MMA),metal,"Длина балки, м","Суммарная длина элемента: например, длина ленты фундамента или балки. Можно вводить формулой: 4+3+2.5.",м,true,1,DUPLICATE_PATTERN|LABEL_MISMATCH|NEEDS_REVIEW
mesh_m2,ind_concrete,Бетонные работы,concrete,"Сетка, м²","Площадь армирующей сетки, если применяешь.",м²,true,5,OK
perimeter_m,WT-BATH,Санузел / Ванная (комплект),plumb,"Периметр фасада/контур, м","Длина по контуру фасада: углы, примыкания, откосы/цоколь — как заложено в нормах. Можно формулой: 3+4+3.",м,true,3,DUPLICATE_PATTERN|LABEL_MISMATCH|NEEDS_REVIEW
perimeter_m,WT-BLOCK,Кладка блоков,masonry,"Периметр фасада/контур, м","Длина по контуру фасада: углы, примыкания, откосы/цоколь — как заложено в нормах. Можно формулой: 3+4+3.",м,true,5,DUPLICATE_PATTERN|LABEL_MISMATCH|NEEDS_REVIEW
perimeter_m,WT-CEIL-CLIPIN,Потолок Clip-in (скрытая подвеска),ceil,"Периметр фасада/контур, м","Длина по контуру фасада: углы, примыкания, откосы/цоколь — как заложено в нормах. Можно формулой: 3+4+3.",м,true,2,DUPLICATE_PATTERN|LABEL_MISMATCH|NEEDS_REVIEW
perimeter_m,WT-CEIL-GRID,Потолок кассетный (армстронг),ceil,"Периметр фасада/контур, м","Длина по контуру фасада: углы, примыкания, откосы/цоколь — как заложено в нормах. Можно формулой: 3+4+3.",м,true,2,DUPLICATE_PATTERN|LABEL_MISMATCH|NEEDS_REVIEW
perimeter_m,WT-CEIL-GRILIATO-050,Потолок грильято (ячейка 50×50),ceil,"Периметр фасада/контур, м","Длина по контуру фасада: углы, примыкания, откосы/цоколь — как заложено в нормах. Можно формулой: 3+4+3.",м,true,2,DUPLICATE_PATTERN|LABEL_MISMATCH|NEEDS_REVIEW
perimeter_m,WT-CEIL-GRILIATO-075,Потолок грильято (ячейка 75×75),ceil,"Периметр фасада/контур, м","Длина по контуру фасада: углы, примыкания, откосы/цоколь — как заложено в нормах. Можно формулой: 3+4+3.",м,true,2,DUPLICATE_PATTERN|LABEL_MISMATCH|NEEDS_REVIEW
perimeter_m,WT-CEIL-GRILIATO-100,Потолок грильято (ячейка 100×100),ceil,"Периметр фасада/контур, м","Длина по контуру фасада: углы, примыкания, откосы/цоколь — как заложено в нормах. Можно формулой: 3+4+3.",м,true,2,DUPLICATE_PATTERN|LABEL_MISMATCH|NEEDS_REVIEW
perimeter_m,WT-CEIL-GRILIATO-PYR-050,Потолок грильято пирамидальный (яч. 50×50),ceil,"Периметр фасада/контур, м","Длина по контуру фасада: углы, примыкания, откосы/цоколь — как заложено в нормах. Можно формулой: 3+4+3.",м,true,2,DUPLICATE_PATTERN|LABEL_MISMATCH|NEEDS_REVIEW
perimeter_m,WT-CEIL-GRILIATO-PYR-075,Потолок грильято пирамидальный (яч. 75×75),ceil,"Периметр фасада/контур, м","Длина по контуру фасада: углы, примыкания, откосы/цоколь — как заложено в нормах. Можно формулой: 3+4+3.",м,true,2,DUPLICATE_PATTERN|LABEL_MISMATCH|NEEDS_REVIEW
perimeter_m,WT-CEIL-GRILIATO-PYR-100,Потолок грильято пирамидальный (яч. 100×100),ceil,"Периметр фасада/контур, м","Длина по контуру фасада: углы, примыкания, откосы/цоколь — как заложено в нормах. Можно формулой: 3+4+3.",м,true,2,DUPLICATE_PATTERN|LABEL_MISMATCH|NEEDS_REVIEW
perimeter_m,WT-CEIL-RACK,Потолок реечный,ceil,"Периметр фасада/контур, м","Длина по контуру фасада: углы, примыкания, откосы/цоколь — как заложено в нормах. Можно формулой: 3+4+3.",м,true,2,DUPLICATE_PATTERN|LABEL_MISMATCH|NEEDS_REVIEW
perimeter_m,WT-CEIL-RACK-LENS,Потолок реечный линзованный,ceil,"Периметр фасада/контур, м","Длина по контуру фасада: углы, примыкания, откосы/цоколь — как заложено в нормах. Можно формулой: 3+4+3.",м,true,2,DUPLICATE_PATTERN|LABEL_MISMATCH|NEEDS_REVIEW
perimeter_m,WT-CEIL-STRETCH,Потолок натяжной,ceil,"Периметр фасада/контур, м","Длина по контуру фасада: углы, примыкания, откосы/цоколь — как заложено в нормах. Можно формулой: 3+4+3.",м,true,2,DUPLICATE_PATTERN|LABEL_MISMATCH|NEEDS_REVIEW
perimeter_m,WT-CONCRETE-FLOOR,Бетонирование пола,floor,"Периметр фасада/контур, м","Длина по контуру фасада: углы, примыкания, откосы/цоколь — как заложено в нормах. Можно формулой: 3+4+3.",м,true,2,DUPLICATE_PATTERN|LABEL_MISMATCH|NEEDS_REVIEW
perimeter_m,WT-CONCRETE-SLAB,Монолитная плита,concrete,"Периметр плиты/контур, м",Периметр по контуру плиты (м). Можно формулой: 10+10+6+6.,м,true,4,DUPLICATE_PATTERN|LABEL_MISMATCH|NEEDS_REVIEW
perimeter_m,WT-CONCRETE-STRIP,Ленточный фундамент,concrete,"Длина ленты/контур, м",Суммарная длина ленты фундамента по контуру (м). Можно формулой по участкам.,м,true,1,DUPLICATE_PATTERN|LABEL_MISMATCH|NEEDS_REVIEW
perimeter_m,WT-CONCRETE-STRIP-PRO,"Фундамент ленточный (бетон, PRO)",concrete,"Длина ленты/контур, м",Суммарная длина ленты фундамента по контуру (м). Можно формулой по участкам.,м,true,1,DUPLICATE_PATTERN|LABEL_MISMATCH|NEEDS_REVIEW
perimeter_m,WT-FACADE-ACP,Фасад навесной: алюкобонд/ACP,facade,"Периметр фасада, м","Периметр по контуру фасада (м): углы, примыкания, откосы/цоколь — как заложено в нормах. Можно формулой: 10+10+6+6.",м,true,2,DUPLICATE_PATTERN|LABEL_MISMATCH|NEEDS_REVIEW
perimeter_m,WT-FACADE-CASSETTE-INSTALL,Фасад: металлокассеты (вент),facade,"Периметр фасада, м","Периметр по контуру фасада (м): углы, примыкания, откосы/цоколь — как заложено в нормах. Можно формулой: 10+10+6+6.",м,true,2,DUPLICATE_PATTERN|LABEL_MISMATCH|NEEDS_REVIEW
perimeter_m,WT-FACADE-CLINKER-VF,Фасад навесной: клинкерная плитка,facade,"Периметр фасада, м","Периметр по контуру фасада (м): углы, примыкания, откосы/цоколь — как заложено в нормах. Можно формулой: 10+10+6+6.",м,true,2,DUPLICATE_PATTERN|LABEL_MISMATCH|NEEDS_REVIEW
perimeter_m,WT-FACADE-FC-H,Фасад FC на заклёпке (общ.),facade,"Периметр фасада, м","Периметр по контуру фасада (м): углы, примыкания, откосы/цоколь — как заложено в нормах. Можно формулой: 10+10+6+6.",м,true,2,DUPLICATE_PATTERN|LABEL_MISMATCH|NEEDS_REVIEW
perimeter_m,WT-FACADE-FC-H-10,Фиброцементный фасад (H-профиль) 10 мм,facade,"Периметр фасада, м","Периметр по контуру фасада (м): углы, примыкания, откосы/цоколь — как заложено в нормах. Можно формулой: 10+10+6+6.",м,true,2,DUPLICATE_PATTERN|LABEL_MISMATCH|NEEDS_REVIEW
perimeter_m,WT-FACADE-FC-H-12,Фиброцементный фасад (H-профиль) 12 мм,facade,"Периметр фасада, м","Периметр по контуру фасада (м): углы, примыкания, откосы/цоколь — как заложено в нормах. Можно формулой: 10+10+6+6.",м,true,2,DUPLICATE_PATTERN|LABEL_MISMATCH|NEEDS_REVIEW
perimeter_m,WT-FACADE-FC-H-8,Фиброцементный фасад (H-профиль) 8 мм,facade,"Периметр фасада, м","Периметр по контуру фасада (м): углы, примыкания, откосы/цоколь — как заложено в нормах. Можно формулой: 10+10+6+6.",м,true,2,DUPLICATE_PATTERN|LABEL_MISMATCH|NEEDS_REVIEW
perimeter_m,WT-FACADE-FC-RIVET,Фасад FC на заклёпке (серия),facade,"Периметр фасада, м","Периметр по контуру фасада (м): углы, примыкания, откосы/цоколь — как заложено в нормах. Можно формулой: 10+10+6+6.",м,true,2,DUPLICATE_PATTERN|LABEL_MISMATCH|NEEDS_REVIEW
perimeter_m,WT-FACADE-FC-RIVET-10,"Фасад FC на заклёпке ⌀4,8×10",facade,"Периметр фасада, м","Периметр по контуру фасада (м): углы, примыкания, откосы/цоколь — как заложено в нормах. Можно формулой: 10+10+6+6.",м,true,2,DUPLICATE_PATTERN|LABEL_MISMATCH|NEEDS_REVIEW
perimeter_m,WT-FACADE-FC-RIVET-12,"Фасад FC на заклёпке ⌀4,8×12",facade,"Периметр фасада, м","Периметр по контуру фасада (м): углы, примыкания, откосы/цоколь — как заложено в нормах. Можно формулой: 10+10+6+6.",м,true,2,DUPLICATE_PATTERN|LABEL_MISMATCH|NEEDS_REVIEW
perimeter_m,WT-FACADE-FC-RIVET-8,"Фасад FC на заклёпке ⌀4,8×8",facade,"Периметр фасада, м","Периметр по контуру фасада (м): углы, примыкания, откосы/цоколь — как заложено в нормах. Можно формулой: 10+10+6+6.",м,true,2,DUPLICATE_PATTERN|LABEL_MISMATCH|NEEDS_REVIEW
perimeter_m,WT-FACADE-FCB,Фасад навесной: фиброцементные плиты,facade,"Периметр фасада, м","Периметр по контуру фасада (м): углы, примыкания, откосы/цоколь — как заложено в нормах. Можно формулой: 10+10+6+6.",м,true,2,DUPLICATE_PATTERN|LABEL_MISMATCH|NEEDS_REVIEW
perimeter_m,WT-FACADE-HPL,Фасад навесной: HPL панели,facade,"Периметр фасада, м","Периметр по контуру фасада (м): углы, примыкания, откосы/цоколь — как заложено в нормах. Можно формулой: 10+10+6+6.",м,true,2,DUPLICATE_PATTERN|LABEL_MISMATCH|NEEDS_REVIEW
perimeter_m,WT-FACADE-HPL-INSTALL,Фасад: монтаж HPL-панелей,facade,"Периметр фасада, м","Периметр по контуру фасада (м): углы, примыкания, откосы/цоколь — как заложено в нормах. Можно формулой: 10+10+6+6.",м,true,2,DUPLICATE_PATTERN|LABEL_MISMATCH|NEEDS_REVIEW
perimeter_m,WT-FACADE-HPL-LSTK,Фасад HPL (LSTK-набор),facade,"Периметр фасада, м","Периметр по контуру фасада (м): углы, примыкания, откосы/цоколь — как заложено в нормах. Можно формулой: 10+10+6+6.",м,true,2,DUPLICATE_PATTERN|LABEL_MISMATCH|NEEDS_REVIEW
perimeter_m,WT-FACADE-PORC,Фасад навесной: керамогранит,facade,"Периметр фасада, м","Периметр по контуру фасада (м): углы, примыкания, откосы/цоколь — как заложено в нормах. Можно формулой: 10+10+6+6.",м,true,2,DUPLICATE_PATTERN|LABEL_MISMATCH|NEEDS_REVIEW
perimeter_m,WT-FACADE-PORCELAIN-VENT,Фасад: керамогранит (вент),facade,"Периметр фасада, м","Периметр по контуру фасада (м): углы, примыкания, откосы/цоколь — как заложено в нормах. Можно формулой: 10+10+6+6.",м,true,2,DUPLICATE_PATTERN|LABEL_MISMATCH|NEEDS_REVIEW
perimeter_m,WT-FACADE-STONE,Фасад навесной: камень,facade,"Периметр фасада, м","Периметр по контуру фасада (м): углы, примыкания, откосы/цоколь — как заложено в нормах. Можно формулой: 10+10+6+6.",м,true,2,DUPLICATE_PATTERN|LABEL_MISMATCH|NEEDS_REVIEW
perimeter_m,WT-FACADE-WET,Фасад “мокрый” (СФТК),facade,"Периметр фасада, м","Периметр по контуру фасада (м): углы, примыкания, откосы/цоколь — как заложено в нормах. Можно формулой: 10+10+6+6.",м,true,2,DUPLICATE_PATTERN|LABEL_MISMATCH|NEEDS_REVIEW
perimeter_m,WT-FACADE-WET-SYSTEM,Фасад: «мокрый» (ETICS),facade,"Периметр фасада, м","Периметр по контуру фасада (м): углы, примыкания, откосы/цоколь — как заложено в нормах. Можно формулой: 10+10+6+6.",м,true,2,DUPLICATE_PATTERN|LABEL_MISMATCH|NEEDS_REVIEW
perimeter_m,WT-FLOOR-LAMINATE,Ламинат/плинтус,floor,"Периметр фасада/контур, м","Длина по контуру фасада: углы, примыкания, откосы/цоколь — как заложено в нормах. Можно формулой: 3+4+3.",м,true,3,DUPLICATE_PATTERN|LABEL_MISMATCH|NEEDS_REVIEW
perimeter_m,WT-GKL-WALL,ГКЛ стены/перегородки,gkl,"Периметр фасада/контур, м","Длина по контуру фасада: углы, примыкания, откосы/цоколь — как заложено в нормах. Можно формулой: 3+4+3.",м,true,2,DUPLICATE_PATTERN|LABEL_MISMATCH|NEEDS_REVIEW
perimeter_m,WT-GKL-WALL-PRO,ГКЛ стены/перегородки (PRO),gkl,"Периметр фасада/контур, м","Длина по контуру фасада: углы, примыкания, откосы/цоколь — как заложено в нормах. Можно формулой: 3+4+3.",м,true,2,DUPLICATE_PATTERN|LABEL_MISMATCH|NEEDS_REVIEW
perimeter_m,WT-MASONRY-BRICK,Кладка кирпича,masonry,"Периметр фасада/контур, м","Длина по контуру фасада: углы, примыкания, откосы/цоколь — как заложено в нормах. Можно формулой: 3+4+3.",м,true,4,DUPLICATE_PATTERN|LABEL_MISMATCH|NEEDS_REVIEW
perimeter_m,WT-MASONRY-BRICK-CLINKER,Кладка облицовочная: кирпич клинкер,masonry,"Периметр фасада/контур, м","Длина по контуру фасада: углы, примыкания, откосы/цоколь — как заложено в нормах. Можно формулой: 3+4+3.",м,true,4,DUPLICATE_PATTERN|LABEL_MISMATCH|NEEDS_REVIEW
perimeter_m,WT-PLASTER,Штукатурка стен,finish,"Периметр фасада/контур, м","Длина по контуру фасада: углы, примыкания, откосы/цоколь — как заложено в нормах. Можно формулой: 3+4+3.",м,true,2,DUPLICATE_PATTERN|LABEL_MISMATCH|NEEDS_REVIEW
perimeter_m,WT-PLASTER-INT,Штукатурка внутренних стен,finish,"Периметр фасада/контур, м","Длина по контуру фасада: углы, примыкания, откосы/цоколь — как заложено в нормах. Можно формулой: 3+4+3.",м,true,2,DUPLICATE_PATTERN|LABEL_MISMATCH|NEEDS_REVIEW
perimeter_m,WT-PLASTER-WALL-PRO,Штукатурка стен по маякам (PRO),finish,"Периметр фасада/контур, м","Длина по контуру фасада: углы, примыкания, откосы/цоколь — как заложено в нормах. Можно формулой: 3+4+3.",м,true,2,DUPLICATE_PATTERN|LABEL_MISMATCH|NEEDS_REVIEW
perimeter_m,WT-PLINTH,Плинтуса (монтаж),floor,"Периметр фасада/контур, м","Длина по контуру фасада: углы, примыкания, откосы/цоколь — как заложено в нормах. Можно формулой: 3+4+3.",м,true,1,DUPLICATE_PATTERN|LABEL_MISMATCH|NEEDS_REVIEW
perimeter_m,WT-ROOF-FRAME-SHINGLE,Обрешётка/каркас под ГЧ,roof,"Периметр фасада/контур, м","Длина по контуру фасада: углы, примыкания, откосы/цоколь — как заложено в нормах. Можно формулой: 3+4+3.",м,true,2,DUPLICATE_PATTERN|LABEL_MISMATCH|NEEDS_REVIEW
perimeter_m,WT-ROOF-FRAME-SLATE,Обрешётка/каркас под шифер,roof,"Периметр фасада/контур, м","Длина по контуру фасада: углы, примыкания, откосы/цоколь — как заложено в нормах. Можно формулой: 3+4+3.",м,true,2,DUPLICATE_PATTERN|LABEL_MISMATCH|NEEDS_REVIEW
perimeter_m,WT-ROOF-METAL,Кровля: металл (общ.),roof,"Периметр фасада/контур, м","Длина по контуру фасада: углы, примыкания, откосы/цоколь — как заложено в нормах. Можно формулой: 3+4+3.",м,true,2,DUPLICATE_PATTERN|LABEL_MISMATCH|NEEDS_REVIEW
pipe_length_m,WT-FACADE-ACP,Фасад навесной: алюкобонд/ACP,facade,"Периметр проёмов, м",Суммарный периметр всех проёмов (для откосов/примыканий): 2×(Ш+В) по каждому и сложить.,м,false,1004,DUPLICATE_PATTERN|LABEL_MISMATCH|NEEDS_REVIEW
pipe_length_m,WT-FACADE-CASSETTE-INSTALL,Фасад: металлокассеты (вент),facade,"Периметр проёмов, м",Суммарный периметр всех проёмов (для откосов/примыканий): 2×(Ш+В) по каждому и сложить.,м,false,1004,DUPLICATE_PATTERN|LABEL_MISMATCH|NEEDS_REVIEW
pipe_length_m,WT-FACADE-CLINKER-VF,Фасад навесной: клинкерная плитка,facade,"Периметр проёмов, м",Суммарный периметр всех проёмов (для откосов/примыканий): 2×(Ш+В) по каждому и сложить.,м,false,1004,DUPLICATE_PATTERN|LABEL_MISMATCH|NEEDS_REVIEW
pipe_length_m,WT-FACADE-FC-H,Фасад FC на заклёпке (общ.),facade,"Периметр проёмов, м",Суммарный периметр всех проёмов (для откосов/примыканий): 2×(Ш+В) по каждому и сложить.,м,false,1004,DUPLICATE_PATTERN|LABEL_MISMATCH|NEEDS_REVIEW
pipe_length_m,WT-FACADE-FC-H-10,Фиброцементный фасад (H-профиль) 10 мм,facade,"Периметр проёмов, м",Суммарный периметр всех проёмов (для откосов/примыканий): 2×(Ш+В) по каждому и сложить.,м,false,1004,DUPLICATE_PATTERN|LABEL_MISMATCH|NEEDS_REVIEW
pipe_length_m,WT-FACADE-FC-H-12,Фиброцементный фасад (H-профиль) 12 мм,facade,"Периметр проёмов, м",Суммарный периметр всех проёмов (для откосов/примыканий): 2×(Ш+В) по каждому и сложить.,м,false,1004,DUPLICATE_PATTERN|LABEL_MISMATCH|NEEDS_REVIEW
pipe_length_m,WT-FACADE-FC-H-8,Фиброцементный фасад (H-профиль) 8 мм,facade,"Периметр проёмов, м",Суммарный периметр всех проёмов (для откосов/примыканий): 2×(Ш+В) по каждому и сложить.,м,false,1004,DUPLICATE_PATTERN|LABEL_MISMATCH|NEEDS_REVIEW
pipe_length_m,WT-FACADE-FC-RIVET,Фасад FC на заклёпке (серия),facade,"Периметр проёмов, м",Суммарный периметр всех проёмов (для откосов/примыканий): 2×(Ш+В) по каждому и сложить.,м,false,1004,DUPLICATE_PATTERN|LABEL_MISMATCH|NEEDS_REVIEW
pipe_length_m,WT-FACADE-FC-RIVET-10,"Фасад FC на заклёпке ⌀4,8×10",facade,"Периметр проёмов, м",Суммарный периметр всех проёмов (для откосов/примыканий): 2×(Ш+В) по каждому и сложить.,м,false,1004,DUPLICATE_PATTERN|LABEL_MISMATCH|NEEDS_REVIEW
pipe_length_m,WT-FACADE-FC-RIVET-12,"Фасад FC на заклёпке ⌀4,8×12",facade,"Периметр проёмов, м",Суммарный периметр всех проёмов (для откосов/примыканий): 2×(Ш+В) по каждому и сложить.,м,false,1004,DUPLICATE_PATTERN|LABEL_MISMATCH|NEEDS_REVIEW
pipe_length_m,WT-FACADE-FC-RIVET-8,"Фасад FC на заклёпке ⌀4,8×8",facade,"Периметр проёмов, м",Суммарный периметр всех проёмов (для откосов/примыканий): 2×(Ш+В) по каждому и сложить.,м,false,1004,DUPLICATE_PATTERN|LABEL_MISMATCH|NEEDS_REVIEW
pipe_length_m,WT-FACADE-FCB,Фасад навесной: фиброцементные плиты,facade,"Периметр проёмов, м",Суммарный периметр всех проёмов (для откосов/примыканий): 2×(Ш+В) по каждому и сложить.,м,false,1004,DUPLICATE_PATTERN|LABEL_MISMATCH|NEEDS_REVIEW
pipe_length_m,WT-FACADE-HPL,Фасад навесной: HPL панели,facade,"Периметр проёмов, м",Суммарный периметр всех проёмов (для откосов/примыканий): 2×(Ш+В) по каждому и сложить.,м,false,1004,DUPLICATE_PATTERN|LABEL_MISMATCH|NEEDS_REVIEW
pipe_length_m,WT-FACADE-HPL-INSTALL,Фасад: монтаж HPL-панелей,facade,"Периметр проёмов, м",Суммарный периметр всех проёмов (для откосов/примыканий): 2×(Ш+В) по каждому и сложить.,м,false,1004,DUPLICATE_PATTERN|LABEL_MISMATCH|NEEDS_REVIEW
pipe_length_m,WT-FACADE-HPL-LSTK,Фасад HPL (LSTK-набор),facade,"Периметр проёмов, м",Суммарный периметр всех проёмов (для откосов/примыканий): 2×(Ш+В) по каждому и сложить.,м,false,1004,DUPLICATE_PATTERN|LABEL_MISMATCH|NEEDS_REVIEW
pipe_length_m,WT-FACADE-PORC,Фасад навесной: керамогранит,facade,"Периметр проёмов, м",Суммарный периметр всех проёмов (для откосов/примыканий): 2×(Ш+В) по каждому и сложить.,м,false,1004,DUPLICATE_PATTERN|LABEL_MISMATCH|NEEDS_REVIEW
pipe_length_m,WT-FACADE-PORCELAIN-VENT,Фасад: керамогранит (вент),facade,"Периметр проёмов, м",Суммарный периметр всех проёмов (для откосов/примыканий): 2×(Ш+В) по каждому и сложить.,м,false,1004,DUPLICATE_PATTERN|LABEL_MISMATCH|NEEDS_REVIEW
pipe_length_m,WT-FACADE-STONE,Фасад навесной: камень,facade,"Периметр проёмов, м",Суммарный периметр всех проёмов (для откосов/примыканий): 2×(Ш+В) по каждому и сложить.,м,false,1004,DUPLICATE_PATTERN|LABEL_MISMATCH|NEEDS_REVIEW
pipe_length_m,WT-FACADE-WET,Фасад “мокрый” (СФТК),facade,"Периметр проёмов, м",Суммарный периметр всех проёмов (для откосов/примыканий): 2×(Ш+В) по каждому и сложить.,м,false,1004,DUPLICATE_PATTERN|LABEL_MISMATCH|NEEDS_REVIEW
pipe_length_m,WT-FACADE-WET-SYSTEM,Фасад: «мокрый» (ETICS),facade,"Периметр проёмов, м",Суммарный периметр всех проёмов (для откосов/примыканий): 2×(Ш+В) по каждому и сложить.,м,false,1004,DUPLICATE_PATTERN|LABEL_MISMATCH|NEEDS_REVIEW
pipe_length_m,WT-FLR-HEAT-WATER,Тёплый пол водяной,floor,"Длина трубы, м",Суммарная длина трубы/контуров. Можно вводить по участкам или формулой.,м,true,2,DUPLICATE_PATTERN|LABEL_MISMATCH|NEEDS_REVIEW
points,com_mep_electrica,Электрика офисная,elec,Количество точек,"Количество точек/узлов: розетки, выключатели, светильники, сантехнические точки, узлы крепления и т.п. Считаем каждую точку как 1.",шт,true,1,OK
points,com_plumbing,Сантехника (офис/ТЦ),plumb,Количество точек,"Количество точек/узлов: розетки, выключатели, светильники, сантехнические точки, узлы крепления и т.п. Считаем каждую точку как 1.",шт,true,1,OK
points,ind_steel,Металлоконструкции,metal,Количество точек,"Количество точек/узлов: розетки, выключатели, светильники, сантехнические точки, узлы крепления и т.п. Считаем каждую точку как 1.",шт,true,3,OK
points,WT-BATH,Санузел / Ванная (комплект),plumb,Количество точек,"Количество точек/узлов: розетки, выключатели, светильники, сантехнические точки, узлы крепления и т.п. Считаем каждую точку как 1.",шт,true,4,OK
points,WT-BLOCK,Кладка блоков,masonry,Количество точек,"Количество точек/узлов: розетки, выключатели, светильники, сантехнические точки, узлы крепления и т.п. Считаем каждую точку как 1.",шт,true,6,OK
points,WT-CEIL-STRETCH,Потолок натяжной,ceil,Количество точек,"Количество точек/узлов: розетки, выключатели, светильники, сантехнические точки, узлы крепления и т.п. Считаем каждую точку как 1.",шт,true,3,OK
points,WT-MASONRY-BRICK,Кладка кирпича,masonry,Количество точек,"Количество точек/узлов: розетки, выключатели, светильники, сантехнические точки, узлы крепления и т.п. Считаем каждую точку как 1.",шт,true,5,OK
points,WT-MASONRY-BRICK-CLINKER,Кладка облицовочная: кирпич клинкер,masonry,Количество точек,"Количество точек/узлов: розетки, выключатели, светильники, сантехнические точки, узлы крепления и т.п. Считаем каждую точку как 1.",шт,true,5,OK
points,WT-PLMB-SHOWER,Сантехника: душ/смеситель (точка),plumb,Количество точек,"Количество точек/узлов: розетки, выключатели, светильники, сантехнические точки, узлы крепления и т.п. Считаем каждую точку как 1.",шт,true,1,OK
points,WT-PLMB-SINK,Сантехника: раковина,plumb,Количество точек,"Количество точек/узлов: розетки, выключатели, светильники, сантехнические точки, узлы крепления и т.п. Считаем каждую точку как 1.",шт,true,1,OK
points,WT-PLMB-TOILET,Сантехника: унитаз,plumb,Количество точек,"Количество точек/узлов: розетки, выключатели, светильники, сантехнические точки, узлы крепления и т.п. Считаем каждую точку как 1.",шт,true,1,OK
points,WT-PLMB-WM,Сантехника: стиральная/посудомоечная машина,plumb,Количество точек,"Количество точек/узлов: розетки, выключатели, светильники, сантехнические точки, узлы крепления и т.п. Считаем каждую точку как 1.",шт,true,1,OK
points,WT-STEEL-DRILL,Сверление отверстий,metal,Количество точек,"Количество точек/узлов: розетки, выключатели, светильники, сантехнические точки, узлы крепления и т.п. Считаем каждую точку как 1.",шт,true,2,OK
points,WT-STEEL-GATE-OVERHEAD,Металлоконструкции: ворота подъемные (секционные),metal,Количество точек,"Количество точек/узлов: розетки, выключатели, светильники, сантехнические точки, узлы крепления и т.п. Считаем каждую точку как 1.",шт,true,3,OK
points,WT-STEEL-GATE-SLIDE,Металлоконструкции: ворота откатные,metal,Количество точек,"Количество точек/узлов: розетки, выключатели, светильники, сантехнические точки, узлы крепления и т.п. Считаем каждую точку как 1.",шт,true,3,OK
points,WT-STEEL-GATE-SWING,Металлоконструкции: ворота распашные,metal,Количество точек,"Количество точек/узлов: розетки, выключатели, светильники, сантехнические точки, узлы крепления и т.п. Считаем каждую точку как 1.",шт,true,3,OK
points,WT-STEEL-STAIR,Металлоконструкции: лестница (металл),metal,Количество точек,"Количество точек/узлов: розетки, выключатели, светильники, сантехнические точки, узлы крепления и т.п. Считаем каждую точку как 1.",шт,true,3,OK
points,WT-STEEL-TRUSS-HEAVY,Металлоконструкции: ферма (усиленная),metal,Количество точек,"Количество точек/узлов: розетки, выключатели, светильники, сантехнические точки, узлы крепления и т.п. Считаем каждую точку как 1.",шт,true,3,OK
points,WT-STEEL-TRUSS-LIGHT,Металлоконструкции: ферма (облегчённая),metal,Количество точек,"Количество точек/узлов: розетки, выключатели, светильники, сантехнические точки, узлы крепления и т.п. Считаем каждую точку как 1.",шт,true,3,OK
points_cw,com_plumbing,Сантехника (офис/ТЦ),plumb,"Холодная вода (точки), шт",Количество сантехнических точек этого типа. Если нет — 0.,шт,true,2,OK
points_hw,com_plumbing,Сантехника (офис/ТЦ),plumb,"Горячая вода (точки), шт",Количество сантехнических точек этого типа. Если нет — 0.,шт,true,3,OK
points_light,com_mep_electrica,Электрика офисная,elec,"Свет (точки), шт",Количество точек света,шт,true,2,OK
points_light,res_electrica,Электрика (жилые),elec,"Свет (точки), шт",Количество точек света,шт,true,3,OK
points_light,WT-ELEC-LIGHT,Электрика: светильники,elec,"Свет (точки), шт",Количество точек света,шт,true,2,OK
points_low,com_mep_electrica,Электрика офисная,elec,"Слаботочные точки, шт",Введите количество по проекту/плану. Если нет — оставьте пустым или 0.,шт,true,3,OK
points_outlet,res_electrica,Электрика (жилые),elec,"Розетки, шт",Количество розеток,шт,true,4,OK
points_outlet,WT-ELEC-OUTLET,Электрика: розетки,elec,"Розетки, шт",Количество розеток,шт,true,2,OK
points_panel,com_mep_electrica,Электрика офисная,elec,"Щиты/панели, шт",Введите количество по проекту/плану. Если нет — оставьте пустым или 0.,шт,true,4,OK
points_shower,sanitary,Сантехника (универсальная),plumb,"Душ/смеситель, шт",Количество душевых/смесителей,шт,true,3,OK
points_sink,sanitary,Сантехника (универсальная),plumb,"Раковина, шт",Количество раковин,шт,true,4,OK
points_socket,com_mep_electrica,Электрика офисная,elec,"Розетки, шт",Введите количество по проекту/плану. Если нет — оставьте пустым или 0.,шт,true,5,OK
points_sw,com_plumbing,Сантехника (офис/ТЦ),plumb,"Канализация (точки), шт",Количество сантехнических точек этого типа. Если нет — 0.,шт,true,4,OK
points_switch,res_electrica,Электрика (жилые),elec,"Выключатели, шт",Количество выключателей,шт,true,5,OK
points_switch,WT-ELEC-SWITCH,Электрика: выключатели,elec,"Выключатели, шт",Количество выключателей,шт,true,2,OK
points_wc,sanitary,Сантехника (универсальная),plumb,"Унитаз, шт",Количество унитазов,шт,true,5,OK
points_wm,sanitary,Сантехника (универсальная),plumb,"Стиралка/ПММ, шт",Количество стиралок/ПММ,шт,true,6,OK
pump_m3,ind_concrete,Бетонные работы,concrete,"Подача насосом, м³",Сколько м³ подаём насосом (часть или весь объём).,м³,true,6,OK
pump_m3,WT-CONC,Бетонные работы,concrete,"Подача насосом, м³",Сколько м³ подаём насосом (часть или весь объём).,м³,true,6,OK
rebar_kg,ind_concrete,Бетонные работы,concrete,"Арматура, кг",Масса арматуры по проекту (кг).,кг,true,7,OK
rebar_kg,WT-CONC,Бетонные работы,concrete,"Арматура, кг",Масса арматуры по проекту (кг).,кг,true,7,OK
subbase_m3,ind_concrete,Бетонные работы,concrete,"Подушка (песок+щебень), м³",Объём подушки песок+щебень. Обычно S×hподушки.,м³,true,8,OK
subconcrete_m3,WT-CONC,Бетонные работы,concrete,"Подбетонка, м³","Подбетонка (подготовка) в м³, если есть.",м³,true,8,OK
volume_m3,ind_concrete,Бетонные работы,concrete,"Объём бетона, м³ (авто)",Объём бетона в м³. Обычно: длина×ширина×высота или по участкам: 0.3×12×0.2 + 0.4×5×0.3.,м³,true,9,DUPLICATE_PATTERN|LABEL_MISMATCH|NEEDS_REVIEW
volume_m3,WT-CONC,Бетонные работы,concrete,"Объём бетона, м³ (авто)",Объём бетона в м³. Обычно: длина×ширина×высота или по участкам: 0.3×12×0.2 + 0.4×5×0.3.,м³,true,9,DUPLICATE_PATTERN|LABEL_MISMATCH|NEEDS_REVIEW
volume_m3,WT-CONC-FLOOR,Бетонирование пола,concrete,"Объём бетона, м³ (авто)",Авто: площадь × толщина. Можно поправить вручную.,м³,true,3,DUPLICATE_PATTERN|LABEL_MISMATCH|NEEDS_REVIEW
volume_m3,WT-CONCRETE-BEAM,Монолитная балка,concrete,"Объём бетона, м³ (авто)",Объём бетона в м³. Обычно: длина×ширина×высота или по участкам: 0.3×12×0.2 + 0.4×5×0.3.,м³,true,3,DUPLICATE_PATTERN|LABEL_MISMATCH|NEEDS_REVIEW
volume_m3,WT-CONCRETE-COLUMN,Монолитная колонна,concrete,"Объём бетона, м³ (авто)",Объём бетона в м³. Обычно: длина×ширина×высота или по участкам: 0.3×12×0.2 + 0.4×5×0.3.,м³,true,2,DUPLICATE_PATTERN|LABEL_MISMATCH|NEEDS_REVIEW
volume_m3,WT-CONCRETE-FLOOR,Бетонирование пола,floor,"Объём грунта под фундамент (траншеи/котлован), м³","Сколько всего грунта нужно вынуть под фундамент, в м³.
Если объём не знаете:
Пример: дом 10×10 м, траншея шириной 0.6 м, глубина 1.0 м.
Периметр 10×4 = 40 м.
Объём грунта = 40 × 0.6 × 1.0 = 24 м³ → вводим 24.",м³,true,3,DUPLICATE_PATTERN|LABEL_MISMATCH|NEEDS_REVIEW
volume_m3,WT-CONCRETE-FOOTING,Монолитная тумба/башмак,concrete,"Объём бетона, м³ (авто)",Объём бетона в м³. Обычно: длина×ширина×высота или по участкам: 0.3×12×0.2 + 0.4×5×0.3.,м³,true,2,DUPLICATE_PATTERN|LABEL_MISMATCH|NEEDS_REVIEW
volume_m3,WT-CONCRETE-MONO,Бетонирование / монолит,concrete,"Объём бетона, м³ (авто)",Объём бетона в м³. Обычно: длина×ширина×высота или по участкам: 0.3×12×0.2 + 0.4×5×0.3.,м³,true,2,DUPLICATE_PATTERN|LABEL_MISMATCH|NEEDS_REVIEW
volume_m3,WT-CONCRETE-PILE,Бетон: сваи/столбы (армирование),concrete,"Объём бетона, м³ (авто)",Объём бетона в м³. Обычно: длина×ширина×высота или по участкам: 0.3×12×0.2 + 0.4×5×0.3.,м³,true,2,DUPLICATE_PATTERN|LABEL_MISMATCH|NEEDS_REVIEW
volume_m3,WT-CONCRETE-SLAB,Монолитная плита,concrete,"Объём бетона, м³ (авто)",Авто: площадь × толщина. Можно поправить вручную.,м³,true,3,DUPLICATE_PATTERN|LABEL_MISMATCH|NEEDS_REVIEW
volume_m3,WT-CONCRETE-SLAB-PRO,"Фундамент плита (бетон, PRO)",concrete,"Объём бетона, м³ (авто)",Объём бетона в м³. Обычно: длина×ширина×высота или по участкам: 0.3×12×0.2 + 0.4×5×0.3.,м³,false,1001,DUPLICATE_PATTERN|LABEL_MISMATCH|NEEDS_REVIEW
volume_m3,WT-CONCRETE-STRIP,Ленточный фундамент,concrete,"Объём бетона, м³ (авто)",Авто: контур × ширина × высота. Можно поправить вручную.,м³,true,4,DUPLICATE_PATTERN|LABEL_MISMATCH|NEEDS_REVIEW
volume_m3,WT-CONCRETE-STRIP-PRO,"Фундамент ленточный (бетон, PRO)",concrete,"Объём бетона, м³ (авто)",Авто: контур × ширина × высота. Можно поправить вручную.,м³,true,4,DUPLICATE_PATTERN|LABEL_MISMATCH|NEEDS_REVIEW
volume_m3,WT-EARTHWORK-PRO,Земляные работы под фундамент (PRO),concrete,"Объём грунта под фундамент (траншеи/котлован), м³","Сколько всего грунта нужно вынуть под фундамент, в м³.
Если объём не знаете:
Пример: дом 10×10 м, траншея шириной 0.6 м, глубина 1.0 м.
Периметр 10×4 = 40 м.
Объём грунта = 40 × 0.6 × 1.0 = 24 м³ → вводим 24.",м³,true,1,DUPLICATE_PATTERN|LABEL_MISMATCH|NEEDS_REVIEW
volume_m3,WT-FND-MKD,Фундамент многоэтажного дома (ленточный/монолитный),concrete,"Объём бетона, м³ (авто)",Объём бетона в м³. Обычно: длина×ширина×высота или по участкам: 0.3×12×0.2 + 0.4×5×0.3.,м³,true,1,DUPLICATE_PATTERN|LABEL_MISMATCH|NEEDS_REVIEW
volume_m3,WT-SCREED,Стяжка пола,floor,"Объём грунта под фундамент (траншеи/котлован), м³","Сколько всего грунта нужно вынуть под фундамент, в м³.
Если объём не знаете:
Пример: дом 10×10 м, траншея шириной 0.6 м, глубина 1.0 м.
Периметр 10×4 = 40 м.
Объём грунта = 40 × 0.6 × 1.0 = 24 м³ → вводим 24.",м³,true,2,DUPLICATE_PATTERN|LABEL_MISMATCH|NEEDS_REVIEW
volume_m3,WT-WASTE,Вывоз мусора/утилизация,waste,"Объём грунта под фундамент (траншеи/котлован), м³","Сколько всего грунта нужно вынуть под фундамент, в м³.
Если объём не знаете:
Пример: дом 10×10 м, траншея шириной 0.6 м, глубина 1.0 м.
Периметр 10×4 = 40 м.
Объём грунта = 40 × 0.6 × 1.0 = 24 м³ → вводим 24.",м³,true,1,DUPLICATE_PATTERN|LABEL_MISMATCH|NEEDS_REVIEW
waterproof_m2,WT-CONC,Бетонные работы,concrete,"Гидроизоляция, м²",Площадь гидроизоляции (м²).,м²,true,10,OK
weight_ton,ind_steel,Металлоконструкции,metal,"Масса, т",Масса по ведомости/проекту (тонны). Если нет — можно оценить.,т,true,4,OK